league,train_season,test_season,edge_threshold,p_draw_min,p_draw_max,train_bets,train_hit_rate,train_roi_units,train_roi,test_bets,test_hit_rate,test_roi_units,test_roi,positive_both
All,2023-24,2025-26,0.0,0.0,0.27,791,0.184576,-42.92,-0.05426,287,0.188153,-25.86,-0.090105,0
All,2023-24,2025-26,0.0,0.0,0.3,1876,0.212154,-114.84,-0.061215,713,0.232819,-4.61,-0.006466,0
All,2023-24,2025-26,0.0,0.0,0.33,2433,0.231813,-46.18,-0.018981,971,0.242019,-17.07,-0.01758,0
All,2023-24,2025-26,0.0,0.0,0.36,2549,0.230286,-85.09,-0.033382,1022,0.241683,-29.66,-0.029022,0
All,2023-24,2025-26,0.0,0.0,1.0,2556,0.230047,-88.49,-0.034621,1027,0.242454,-28.59,-0.027838,0
All,2023-24,2025-26,0.0,0.24,0.27,590,0.2,-15.32,-0.025966,227,0.202643,-18.24,-0.080352,0
All,2023-24,2025-26,0.0,0.24,0.3,1675,0.220896,-87.24,-0.052084,653,0.24196,3.01,0.004609,0
All,2023-24,2025-26,0.0,0.24,0.33,2232,0.240143,-18.58,-0.008324,911,0.249177,-9.45,-0.010373,0
All,2023-24,2025-26,0.0,0.24,0.36,2348,0.238075,-57.49,-0.024485,962,0.248441,-22.04,-0.022911,0
All,2023-24,2025-26,0.0,0.24,1.0,2355,0.237792,-60.89,-0.025856,967,0.249224,-20.97,-0.021686,0
All,2023-24,2025-26,0.0,0.27,0.3,1085,0.232258,-71.92,-0.066286,426,0.262911,21.25,0.049883,0
All,2023-24,2025-26,0.0,0.27,0.33,1642,0.254568,-3.26,-0.001985,684,0.26462,8.79,0.012851,0
All,2023-24,2025-26,0.0,0.27,0.36,1758,0.250853,-42.17,-0.023987,735,0.262585,-3.8,-0.00517,0
All,2023-24,2025-26,0.0,0.27,1.0,1765,0.250425,-45.57,-0.025819,740,0.263514,-2.73,-0.003689,0
All,2023-24,2025-26,0.0,0.3,0.33,557,0.298025,68.66,0.123268,258,0.267442,-12.46,-0.048295,0
All,2023-24,2025-26,0.0,0.3,0.36,673,0.280832,29.75,0.044205,309,0.262136,-25.05,-0.081068,0
All,2023-24,2025-26,0.0,0.3,1.0,680,0.279412,26.35,0.03875,314,0.264331,-23.98,-0.076369,0
All,2023-24,2025-26,0.01,0.0,0.27,684,0.172515,-47.03,-0.068757,242,0.177686,-24.14,-0.099752,0
All,2023-24,2025-26,0.01,0.0,0.3,1588,0.200252,-119.61,-0.075321,579,0.212435,-24.16,-0.041727,0
All,2023-24,2025-26,0.01,0.0,0.33,2097,0.225083,-41.23,-0.019661,801,0.227216,-32.76,-0.040899,0
All,2023-24,2025-26,0.01,0.0,0.36,2212,0.223327,-82.07,-0.037102,846,0.225768,-48.19,-0.056962,0
All,2023-24,2025-26,0.01,0.0,1.0,2219,0.223073,-85.47,-0.038517,851,0.226792,-47.12,-0.05537,0
All,2023-24,2025-26,0.01,0.24,0.27,505,0.188119,-18.98,-0.037584,189,0.190476,-18.96,-0.100317,0
All,2023-24,2025-26,0.01,0.24,0.3,1409,0.209368,-91.56,-0.064982,526,0.220532,-18.98,-0.036084,0
All,2023-24,2025-26,0.01,0.24,0.33,1918,0.234098,-13.18,-0.006872,748,0.233957,-27.58,-0.036872,0
All,2023-24,2025-26,0.01,0.24,0.36,2033,0.231677,-54.02,-0.026572,793,0.23203,-43.01,-0.054237,0
All,2023-24,2025-26,0.01,0.24,1.0,2040,0.231373,-57.42,-0.028147,798,0.233083,-41.94,-0.052556,0
All,2023-24,2025-26,0.01,0.27,0.3,904,0.221239,-72.58,-0.080288,337,0.237389,-0.02,-5.9e-05,0
All,2023-24,2025-26,0.01,0.27,0.33,1413,0.250531,5.8,0.004105,559,0.248658,-8.62,-0.01542,0
All,2023-24,2025-26,0.01,0.27,0.36,1528,0.246073,-35.04,-0.022932,604,0.245033,-24.05,-0.039818,0
All,2023-24,2025-26,0.01,0.27,1.0,1535,0.245603,-38.44,-0.025042,609,0.246305,-22.98,-0.037734,0
All,2023-24,2025-26,0.01,0.3,0.33,509,0.302554,78.38,0.153988,222,0.265766,-8.6,-0.038739,0
All,2023-24,2025-26,0.01,0.3,0.36,624,0.282051,37.54,0.06016,267,0.254682,-24.03,-0.09,0
All,2023-24,2025-26,0.01,0.3,1.0,631,0.280507,34.14,0.054105,272,0.257353,-22.96,-0.084412,0
All,2023-24,2025-26,0.02,0.0,0.27,604,0.175497,-14.74,-0.024404,203,0.162562,-25.39,-0.125074,0
All,2023-24,2025-26,0.02,0.0,0.3,1334,0.188906,-107.77,-0.080787,479,0.202505,-22.07,-0.046075,0
All,2023-24,2025-26,0.02,0.0,0.33,1765,0.214164,-44.01,-0.024935,660,0.218182,-29.36,-0.044485,0
All,2023-24,2025-26,0.02,0.0,0.36,1873,0.213027,-80.94,-0.043214,700,0.217143,-42.76,-0.061086,0
All,2023-24,2025-26,0.02,0.0,1.0,1879,0.212879,-83.34,-0.044353,705,0.21844,-41.69,-0.059135,0
All,2023-24,2025-26,0.02,0.24,0.27,439,0.191344,3.57,0.008132,158,0.170886,-23.69,-0.149937,0
All,2023-24,2025-26,0.02,0.24,0.3,1169,0.196749,-89.46,-0.076527,434,0.209677,-20.37,-0.046935,0
All,2023-24,2025-26,0.02,0.24,0.33,1600,0.2225,-25.7,-0.016063,615,0.22439,-27.66,-0.044976,0
All,2023-24,2025-26,0.02,0.24,0.36,1708,0.220726,-62.63,-0.036669,655,0.222901,-41.06,-0.062687,0
All,2023-24,2025-26,0.02,0.24,1.0,1714,0.220537,-65.03,-0.03794,660,0.224242,-39.99,-0.060591,0
All,2023-24,2025-26,0.02,0.27,0.3,730,0.2,-93.03,-0.127438,276,0.231884,3.32,0.012029,0
All,2023-24,2025-26,0.02,0.27,0.33,1161,0.234281,-29.27,-0.025211,457,0.242888,-3.97,-0.008687,0
All,2023-24,2025-26,0.02,0.27,0.36,1269,0.23089,-66.2,-0.052167,497,0.239437,-17.37,-0.03495,0
All,2023-24,2025-26,0.02,0.27,1.0,1275,0.230588,-68.6,-0.053804,502,0.241036,-16.3,-0.03247,0
All,2023-24,2025-26,0.02,0.3,0.33,431,0.292343,63.76,0.147935,181,0.259669,-7.29,-0.040276,0
All,2023-24,2025-26,0.02,0.3,0.36,539,0.272727,26.83,0.049777,221,0.248869,-20.69,-0.09362,0
All,2023-24,2025-26,0.02,0.3,1.0,545,0.27156,24.43,0.044826,226,0.252212,-19.62,-0.086814,0
All,2023-24,2025-26,0.03,0.0,0.27,514,0.155642,-36.32,-0.070661,173,0.16763,-12.47,-0.072081,0
All,2023-24,2025-26,0.03,0.0,0.3,1100,0.173636,-115.48,-0.104982,389,0.203085,-1.45,-0.003728,0
All,2023-24,2025-26,0.03,0.0,0.33,1452,0.199725,-63.7,-0.043871,539,0.207792,-25.45,-0.047217,0
All,2023-24,2025-26,0.03,0.0,0.36,1546,0.199224,-95.85,-0.061999,573,0.207679,-35.87,-0.0626,0
All,2023-24,2025-26,0.03,0.0,1.0,1552,0.199098,-98.25,-0.063305,577,0.207972,-36.67,-0.063553,0
All,2023-24,2025-26,0.03,0.24,0.27,367,0.171662,-11.93,-0.032507,134,0.171642,-16.77,-0.125149,0
All,2023-24,2025-26,0.03,0.24,0.3,953,0.182581,-91.09,-0.095582,350,0.208571,-5.75,-0.016429,0
All,2023-24,2025-26,0.03,0.24,0.33,1305,0.209195,-39.31,-0.030123,500,0.212,-29.75,-0.0595,0
All,2023-24,2025-26,0.03,0.24,0.36,1399,0.208006,-71.46,-0.051079,534,0.21161,-40.17,-0.075225,0
All,2023-24,2025-26,0.03,0.24,1.0,1405,0.207829,-73.86,-0.052569,538,0.211896,-40.97,-0.076152,0
All,2023-24,2025-26,0.03,0.27,0.3,586,0.18942,-79.16,-0.135085,216,0.231481,11.02,0.051019,0
All,2023-24,2025-26,0.03,0.27,0.33,938,0.223881,-27.38,-0.02919,366,0.226776,-12.98,-0.035464,0
All,2023-24,2025-26,0.03,0.27,0.36,1032,0.22093,-59.53,-0.057684,400,0.225,-23.4,-0.0585,0
All,2023-24,2025-26,0.03,0.27,1.0,1038,0.220617,-61.93,-0.059663,404,0.225248,-24.2,-0.059901,0
All,2023-24,2025-26,0.03,0.3,0.33,352,0.28125,51.78,0.147102,150,0.22,-24.0,-0.16,0
All,2023-24,2025-26,0.03,0.3,0.36,446,0.262332,19.63,0.044013,184,0.217391,-34.42,-0.187065,0
All,2023-24,2025-26,0.03,0.3,1.0,452,0.261062,17.23,0.038119,188,0.218085,-35.22,-0.18734,0
All,2023-24,2025-26,0.04,0.0,0.27,445,0.155056,-19.65,-0.044157,146,0.143836,-20.74,-0.142055,0
All,2023-24,2025-26,0.04,0.0,0.3,920,0.165217,-97.39,-0.105859,317,0.18612,-11.44,-0.036088,0
All,2023-24,2025-26,0.04,0.0,0.33,1210,0.191736,-50.19,-0.041479,438,0.189498,-38.56,-0.088037,0
All,2023-24,2025-26,0.04,0.0,0.36,1283,0.190959,-76.99,-0.060008,463,0.190065,-46.29,-0.099978,0
All,2023-24,2025-26,0.04,0.0,1.0,1289,0.190846,-79.39,-0.06159,467,0.190578,-47.09,-0.100835,0
All,2023-24,2025-26,0.04,0.24,0.27,311,0.176849,9.23,0.029678,111,0.135135,-29.04,-0.261622,0
All,2023-24,2025-26,0.04,0.24,0.3,786,0.175573,-68.51,-0.087163,282,0.187943,-19.74,-0.07,0
All,2023-24,2025-26,0.04,0.24,0.33,1076,0.202602,-21.31,-0.019805,403,0.191067,-46.86,-0.116278,0
All,2023-24,2025-26,0.04,0.24,0.36,1149,0.201044,-48.11,-0.041871,428,0.191589,-54.59,-0.127547,0
All,2023-24,2025-26,0.04,0.24,1.0,1155,0.200866,-50.51,-0.043732,432,0.19213,-55.39,-0.128218,0
All,2023-24,2025-26,0.04,0.27,0.3,475,0.174737,-77.74,-0.163663,171,0.222222,9.3,0.054386,0
All,2023-24,2025-26,0.04,0.27,0.33,765,0.213072,-30.54,-0.039922,292,0.212329,-17.82,-0.061027,0
All,2023-24,2025-26,0.04,0.27,0.36,838,0.210024,-57.34,-0.068425,317,0.211356,-25.55,-0.080599,0
All,2023-24,2025-26,0.04,0.27,1.0,844,0.209716,-59.74,-0.070782,321,0.211838,-26.35,-0.082087,0
All,2023-24,2025-26,0.04,0.3,0.33,290,0.275862,47.2,0.162759,121,0.198347,-27.12,-0.224132,0
All,2023-24,2025-26,0.04,0.3,0.36,363,0.256198,20.4,0.056198,146,0.19863,-34.85,-0.238699,0
All,2023-24,2025-26,0.04,0.3,1.0,369,0.254743,18.0,0.04878,150,0.2,-35.65,-0.237667,0
All,2023-24,2025-26,0.05,0.0,0.27,377,0.143236,-20.23,-0.05366,120,0.141667,-14.27,-0.118917,0
All,2023-24,2025-26,0.05,0.0,0.3,763,0.153342,-90.44,-0.118532,267,0.17603,-12.61,-0.047228,0
All,2023-24,2025-26,0.05,0.0,0.33,983,0.178026,-52.76,-0.053672,361,0.168975,-49.13,-0.136094,0
All,2023-24,2025-26,0.05,0.0,0.36,1035,0.177778,-71.5,-0.069082,381,0.170604,-55.17,-0.144803,0
All,2023-24,2025-26,0.05,0.0,1.0,1040,0.177885,-72.9,-0.070096,385,0.171429,-55.97,-0.145377,0
All,2023-24,2025-26,0.05,0.24,0.27,255,0.156863,-3.35,-0.013137,90,0.144444,-17.26,-0.191778,0
All,2023-24,2025-26,0.05,0.24,0.3,641,0.160686,-73.56,-0.114758,237,0.181435,-15.6,-0.065823,0
All,2023-24,2025-26,0.05,0.24,0.33,861,0.186992,-35.88,-0.041672,331,0.172205,-52.12,-0.157462,0
All,2023-24,2025-26,0.05,0.24,0.36,913,0.186199,-54.62,-0.059825,351,0.173789,-58.16,-0.165698,0
All,2023-24,2025-26,0.05,0.24,1.0,918,0.186275,-56.02,-0.061024,355,0.174648,-58.96,-0.166085,0
All,2023-24,2025-26,0.05,0.27,0.3,386,0.163212,-70.21,-0.181891,147,0.204082,1.66,0.011293,0
All,2023-24,2025-26,0.05,0.27,0.33,606,0.19967,-32.53,-0.05368,241,0.182573,-34.86,-0.144647,0
All,2023-24,2025-26,0.05,0.27,0.36,658,0.197568,-51.27,-0.077918,261,0.183908,-40.9,-0.156705,0
All,2023-24,2025-26,0.05,0.27,1.0,663,0.197587,-52.67,-0.079442,265,0.184906,-41.7,-0.157358,0
All,2023-24,2025-26,0.05,0.3,0.33,220,0.263636,37.68,0.171273,94,0.148936,-36.52,-0.388511,0
All,2023-24,2025-26,0.05,0.3,0.36,272,0.246324,18.94,0.069632,114,0.157895,-42.56,-0.373333,0
All,2023-24,2025-26,0.05,0.3,1.0,277,0.245487,17.54,0.063321,118,0.161017,-43.36,-0.367458,0
Bundesliga,2023-24,2025-26,0.0,0.0,0.27,135,0.2,-6.27,-0.046444,107,0.186916,-7.18,-0.067103,0
Bundesliga,2023-24,2025-26,0.0,0.0,0.3,206,0.223301,0.23,0.001117,162,0.222222,-2.92,-0.018025,0
Bundesliga,2023-24,2025-26,0.0,0.0,0.33,217,0.230415,3.76,0.017327,168,0.220238,-5.5,-0.032738,0
Bundesliga,2023-24,2025-26,0.0,0.0,0.36,218,0.233945,6.1,0.027982,168,0.220238,-5.5,-0.032738,0
Bundesliga,2023-24,2025-26,0.0,0.0,1.0,218,0.233945,6.1,0.027982,168,0.220238,-5.5,-0.032738,0
Bundesliga,2023-24,2025-26,0.0,0.24,0.27,93,0.247312,10.37,0.111505,73,0.219178,-2.26,-0.030959,0
Bundesliga,2023-24,2025-26,0.0,0.24,0.3,164,0.256098,16.87,0.102866,128,0.25,2.0,0.015625,1
Bundesliga,2023-24,2025-26,0.0,0.24,0.33,175,0.262857,20.4,0.116571,134,0.246269,-0.58,-0.004328,0
Bundesliga,2023-24,2025-26,0.0,0.24,0.36,176,0.267045,22.74,0.129205,134,0.246269,-0.58,-0.004328,0
Bundesliga,2023-24,2025-26,0.0,0.24,1.0,176,0.267045,22.74,0.129205,134,0.246269,-0.58,-0.004328,0
Bundesliga,2023-24,2025-26,0.0,0.27,0.3,71,0.267606,6.5,0.091549,55,0.290909,4.26,0.077455,1
Bundesliga,2023-24,2025-26,0.0,0.27,0.33,82,0.280488,10.03,0.122317,61,0.278689,1.68,0.027541,1
Bundesliga,2023-24,2025-26,0.0,0.27,0.36,83,0.289157,12.37,0.149036,61,0.278689,1.68,0.027541,1
Bundesliga,2023-24,2025-26,0.0,0.27,1.0,83,0.289157,12.37,0.149036,61,0.278689,1.68,0.027541,1
Bundesliga,2023-24,2025-26,0.01,0.0,0.27,117,0.188034,-7.36,-0.062906,85,0.188235,-0.48,-0.005647,0
Bundesliga,2023-24,2025-26,0.01,0.0,0.3,176,0.215909,0.42,0.002386,125,0.192,-9.01,-0.07208,0
Bundesliga,2023-24,2025-26,0.01,0.0,0.33,187,0.224599,3.95,0.021123,130,0.192308,-10.59,-0.081462,0
Bundesliga,2023-24,2025-26,0.01,0.0,0.36,188,0.228723,6.29,0.033457,130,0.192308,-10.59,-0.081462,0
Bundesliga,2023-24,2025-26,0.01,0.0,1.0,188,0.228723,6.29,0.033457,130,0.192308,-10.59,-0.081462,0
Bundesliga,2023-24,2025-26,0.01,0.24,0.27,81,0.222222,3.28,0.040494,56,0.214286,-0.56,-0.01,0
Bundesliga,2023-24,2025-26,0.01,0.24,0.3,140,0.242857,11.06,0.079,96,0.208333,-9.09,-0.094687,0
Bundesliga,2023-24,2025-26,0.01,0.24,0.33,151,0.251656,14.59,0.096623,101,0.207921,-10.67,-0.105644,0
Bundesliga,2023-24,2025-26,0.01,0.24,0.36,152,0.256579,16.93,0.111382,101,0.207921,-10.67,-0.105644,0
Bundesliga,2023-24,2025-26,0.01,0.24,1.0,152,0.256579,16.93,0.111382,101,0.207921,-10.67,-0.105644,0
Bundesliga,2023-24,2025-26,0.01,0.27,0.3,59,0.271186,7.78,0.131864,40,0.2,-8.53,-0.21325,0
Bundesliga,2023-24,2025-26,0.01,0.27,0.33,70,0.285714,11.31,0.161571,45,0.2,-10.11,-0.224667,0
Bundesliga,2023-24,2025-26,0.01,0.27,0.36,71,0.295775,13.65,0.192254,45,0.2,-10.11,-0.224667,0
Bundesliga,2023-24,2025-26,0.01,0.27,1.0,71,0.295775,13.65,0.192254,45,0.2,-10.11,-0.224667,0
Bundesliga,2023-24,2025-26,0.02,0.0,0.27,108,0.194444,-2.2,-0.02037,68,0.132353,-11.86,-0.174412,0
Bundesliga,2023-24,2025-26,0.02,0.0,0.3,154,0.214286,3.75,0.024351,94,0.159574,-13.65,-0.145213,0
Bundesliga,2023-24,2025-26,0.02,0.0,0.33,164,0.22561,8.28,0.050488,98,0.153061,-17.65,-0.180102,0
Bundesliga,2023-24,2025-26,0.02,0.0,0.36,165,0.230303,10.62,0.064364,98,0.153061,-17.65,-0.180102,0
Bundesliga,2023-24,2025-26,0.02,0.0,1.0,165,0.230303,10.62,0.064364,98,0.153061,-17.65,-0.180102,0
Bundesliga,2023-24,2025-26,0.02,0.24,0.27,73,0.232877,7.44,0.101918,44,0.136364,-12.42,-0.282273,0
Bundesliga,2023-24,2025-26,0.02,0.24,0.3,119,0.243697,13.39,0.112521,70,0.171429,-14.21,-0.203,0
Bundesliga,2023-24,2025-26,0.02,0.24,0.33,129,0.255814,17.92,0.138915,74,0.162162,-18.21,-0.246081,0
Bundesliga,2023-24,2025-26,0.02,0.24,0.36,130,0.261538,20.26,0.155846,74,0.162162,-18.21,-0.246081,0
Bundesliga,2023-24,2025-26,0.02,0.24,1.0,130,0.261538,20.26,0.155846,74,0.162162,-18.21,-0.246081,0
Bundesliga,2023-24,2025-26,0.02,0.27,0.33,56,0.285714,10.48,0.187143,30,0.2,-5.79,-0.193,0
Bundesliga,2023-24,2025-26,0.02,0.27,0.36,57,0.298246,12.82,0.224912,30,0.2,-5.79,-0.193,0
Bundesliga,2023-24,2025-26,0.02,0.27,1.0,57,0.298246,12.82,0.224912,30,0.2,-5.79,-0.193,0
Bundesliga,2023-24,2025-26,0.03,0.0,0.27,88,0.147727,-17.24,-0.195909,60,0.133333,-8.39,-0.139833,0
Bundesliga,2023-24,2025-26,0.03,0.0,0.3,120,0.183333,-8.75,-0.072917,79,0.151899,-10.66,-0.134937,0
Bundesliga,2023-24,2025-26,0.03,0.0,0.33,128,0.195312,-5.63,-0.043984,83,0.144578,-14.66,-0.176627,0
Bundesliga,2023-24,2025-26,0.03,0.0,0.36,129,0.20155,-3.29,-0.025504,83,0.144578,-14.66,-0.176627,0
Bundesliga,2023-24,2025-26,0.03,0.0,1.0,129,0.20155,-3.29,-0.025504,83,0.144578,-14.66,-0.176627,0
Bundesliga,2023-24,2025-26,0.03,0.24,0.27,57,0.175439,-6.2,-0.108772,37,0.135135,-9.95,-0.268919,0
Bundesliga,2023-24,2025-26,0.03,0.24,0.3,89,0.213483,2.29,0.02573,56,0.160714,-12.22,-0.218214,0
Bundesliga,2023-24,2025-26,0.03,0.24,0.33,97,0.226804,5.41,0.055773,60,0.15,-16.22,-0.270333,0
Bundesliga,2023-24,2025-26,0.03,0.24,0.36,98,0.234694,7.75,0.079082,60,0.15,-16.22,-0.270333,0
Bundesliga,2023-24,2025-26,0.03,0.24,1.0,98,0.234694,7.75,0.079082,60,0.15,-16.22,-0.270333,0
Bundesliga,2023-24,2025-26,0.04,0.0,0.27,76,0.157895,-11.04,-0.145263,54,0.12963,-6.73,-0.12463,0
Bundesliga,2023-24,2025-26,0.04,0.0,0.3,100,0.18,-6.29,-0.0629,67,0.164179,-3.0,-0.044776,0
Bundesliga,2023-24,2025-26,0.04,0.0,0.33,107,0.196262,-2.17,-0.02028,68,0.161765,-4.0,-0.058824,0
Bundesliga,2023-24,2025-26,0.04,0.0,0.36,108,0.203704,0.17,0.001574,68,0.161765,-4.0,-0.058824,0
Bundesliga,2023-24,2025-26,0.04,0.0,1.0,108,0.203704,0.17,0.001574,68,0.161765,-4.0,-0.058824,0
Bundesliga,2023-24,2025-26,0.04,0.24,0.3,72,0.222222,7.55,0.104861,46,0.173913,-6.56,-0.142609,0
Bundesliga,2023-24,2025-26,0.04,0.24,0.33,79,0.240506,11.67,0.147722,47,0.170213,-7.56,-0.160851,0
Bundesliga,2023-24,2025-26,0.04,0.24,0.36,80,0.25,14.01,0.175125,47,0.170213,-7.56,-0.160851,0
Bundesliga,2023-24,2025-26,0.04,0.24,1.0,80,0.25,14.01,0.175125,47,0.170213,-7.56,-0.160851,0
Bundesliga,2023-24,2025-26,0.05,0.0,0.27,61,0.131148,-14.81,-0.242787,41,0.121951,-4.04,-0.098537,0
Bundesliga,2023-24,2025-26,0.05,0.0,0.3,79,0.139241,-16.17,-0.204684,49,0.122449,-7.4,-0.15102,0
Bundesliga,2023-24,2025-26,0.05,0.0,0.33,81,0.148148,-14.15,-0.174691,50,0.12,-8.4,-0.168,0
Bundesliga,2023-24,2025-26,0.05,0.0,0.36,82,0.158537,-11.81,-0.144024,50,0.12,-8.4,-0.168,0
Bundesliga,2023-24,2025-26,0.05,0.0,1.0,82,0.158537,-11.81,-0.144024,50,0.12,-8.4,-0.168,0
Bundesliga,2023-24,2025-26,0.05,0.24,0.3,57,0.157895,-8.33,-0.14614,33,0.151515,-5.65,-0.171212,0
Bundesliga,2023-24,2025-26,0.05,0.24,0.33,59,0.169492,-6.31,-0.106949,34,0.147059,-6.65,-0.195588,0
Bundesliga,2023-24,2025-26,0.05,0.24,0.36,60,0.183333,-3.97,-0.066167,34,0.147059,-6.65,-0.195588,0
Bundesliga,2023-24,2025-26,0.05,0.24,1.0,60,0.183333,-3.97,-0.066167,34,0.147059,-6.65,-0.195588,0
Championship,2023-24,2025-26,0.0,0.0,0.27,68,0.176471,-17.93,-0.263676,0,0.0,0.0,0.0,0
Championship,2023-24,2025-26,0.0,0.0,0.3,277,0.191336,-65.44,-0.236245,0,0.0,0.0,0.0,0
Championship,2023-24,2025-26,0.0,0.0,0.33,403,0.220844,-61.17,-0.151787,0,0.0,0.0,0.0,0
Championship,2023-24,2025-26,0.0,0.0,0.36,419,0.214797,-73.98,-0.176563,0,0.0,0.0,0.0,0
Championship,2023-24,2025-26,0.0,0.0,1.0,420,0.214286,-74.98,-0.178524,0,0.0,0.0,0.0,0
Championship,2023-24,2025-26,0.0,0.24,0.27,64,0.1875,-13.93,-0.217656,0,0.0,0.0,0.0,0
Championship,2023-24,2025-26,0.0,0.24,0.3,273,0.194139,-61.44,-0.225055,0,0.0,0.0,0.0,0
Championship,2023-24,2025-26,0.0,0.24,0.33,399,0.223058,-57.17,-0.143283,0,0.0,0.0,0.0,0
Championship,2023-24,2025-26,0.0,0.24,0.36,415,0.216867,-69.98,-0.168627,0,0.0,0.0,0.0,0
Championship,2023-24,2025-26,0.0,0.24,1.0,416,0.216346,-70.98,-0.170625,0,0.0,0.0,0.0,0
Championship,2023-24,2025-26,0.0,0.27,0.3,209,0.196172,-47.51,-0.227321,0,0.0,0.0,0.0,0
Championship,2023-24,2025-26,0.0,0.27,0.33,335,0.229851,-43.24,-0.129075,0,0.0,0.0,0.0,0
Championship,2023-24,2025-26,0.0,0.27,0.36,351,0.222222,-56.05,-0.159687,0,0.0,0.0,0.0,0
Championship,2023-24,2025-26,0.0,0.27,1.0,352,0.221591,-57.05,-0.162074,0,0.0,0.0,0.0,0
Championship,2023-24,2025-26,0.0,0.3,0.33,126,0.285714,4.27,0.033889,0,0.0,0.0,0.0,0
Championship,2023-24,2025-26,0.0,0.3,0.36,142,0.260563,-8.54,-0.060141,0,0.0,0.0,0.0,0
Championship,2023-24,2025-26,0.0,0.3,1.0,143,0.258741,-9.54,-0.066713,0,0.0,0.0,0.0,0
Championship,2023-24,2025-26,0.01,0.0,0.27,57,0.140351,-22.37,-0.392456,0,0.0,0.0,0.0,0
Championship,2023-24,2025-26,0.01,0.0,0.3,229,0.174672,-64.12,-0.28,0,0.0,0.0,0.0,0
Championship,2023-24,2025-26,0.01,0.0,0.33,345,0.211594,-59.58,-0.172696,0,0.0,0.0,0.0,0
Championship,2023-24,2025-26,0.01,0.0,0.36,361,0.204986,-72.39,-0.200526,0,0.0,0.0,0.0,0
Championship,2023-24,2025-26,0.01,0.0,1.0,362,0.20442,-73.39,-0.202735,0,0.0,0.0,0.0,0
Championship,2023-24,2025-26,0.01,0.24,0.27,53,0.150943,-18.37,-0.346604,0,0.0,0.0,0.0,0
Championship,2023-24,2025-26,0.01,0.24,0.3,225,0.177778,-60.12,-0.2672,0,0.0,0.0,0.0,0
Championship,2023-24,2025-26,0.01,0.24,0.33,341,0.214076,-55.58,-0.162991,0,0.0,0.0,0.0,0
Championship,2023-24,2025-26,0.01,0.24,0.36,357,0.207283,-68.39,-0.191569,0,0.0,0.0,0.0,0
Championship,2023-24,2025-26,0.01,0.24,1.0,358,0.206704,-69.39,-0.193827,0,0.0,0.0,0.0,0
Championship,2023-24,2025-26,0.01,0.27,0.3,172,0.186047,-41.75,-0.242733,0,0.0,0.0,0.0,0
Championship,2023-24,2025-26,0.01,0.27,0.33,288,0.225694,-37.21,-0.129201,0,0.0,0.0,0.0,0
Championship,2023-24,2025-26,0.01,0.27,0.36,304,0.217105,-50.02,-0.164539,0,0.0,0.0,0.0,0
Championship,2023-24,2025-26,0.01,0.27,1.0,305,0.216393,-51.02,-0.167279,0,0.0,0.0,0.0,0
Championship,2023-24,2025-26,0.01,0.3,0.33,116,0.284483,4.54,0.039138,0,0.0,0.0,0.0,0
Championship,2023-24,2025-26,0.01,0.3,0.36,132,0.257576,-8.27,-0.062652,0,0.0,0.0,0.0,0
Championship,2023-24,2025-26,0.01,0.3,1.0,133,0.255639,-9.27,-0.069699,0,0.0,0.0,0.0,0
Championship,2023-24,2025-26,0.02,0.0,0.3,173,0.150289,-59.55,-0.34422,0,0.0,0.0,0.0,0
Championship,2023-24,2025-26,0.02,0.0,0.33,270,0.177778,-72.64,-0.269037,0,0.0,0.0,0.0,0
Championship,2023-24,2025-26,0.02,0.0,0.36,285,0.17193,-84.45,-0.296316,0,0.0,0.0,0.0,0
Championship,2023-24,2025-26,0.02,0.0,1.0,286,0.171329,-85.45,-0.298776,0,0.0,0.0,0.0,0
Championship,2023-24,2025-26,0.02,0.24,0.3,170,0.152941,-56.55,-0.332647,0,0.0,0.0,0.0,0
Championship,2023-24,2025-26,0.02,0.24,0.33,267,0.179775,-69.64,-0.260824,0,0.0,0.0,0.0,0
Championship,2023-24,2025-26,0.02,0.24,0.36,282,0.173759,-81.45,-0.28883,0,0.0,0.0,0.0,0
Championship,2023-24,2025-26,0.02,0.24,1.0,283,0.173145,-82.45,-0.291343,0,0.0,0.0,0.0,0
Championship,2023-24,2025-26,0.02,0.27,0.3,128,0.164062,-37.34,-0.291719,0,0.0,0.0,0.0,0
Championship,2023-24,2025-26,0.02,0.27,0.33,225,0.191111,-50.43,-0.224133,0,0.0,0.0,0.0,0
Championship,2023-24,2025-26,0.02,0.27,0.36,240,0.183333,-62.24,-0.259333,0,0.0,0.0,0.0,0
Championship,2023-24,2025-26,0.02,0.27,1.0,241,0.182573,-63.24,-0.262407,0,0.0,0.0,0.0,0
Championship,2023-24,2025-26,0.02,0.3,0.33,97,0.226804,-13.09,-0.134948,0,0.0,0.0,0.0,0
Championship,2023-24,2025-26,0.02,0.3,0.36,112,0.205357,-24.9,-0.222321,0,0.0,0.0,0.0,0
Championship,2023-24,2025-26,0.02,0.3,1.0,113,0.20354,-25.9,-0.229204,0,0.0,0.0,0.0,0
Championship,2023-24,2025-26,0.03,0.0,0.3,131,0.145038,-43.68,-0.333435,0,0.0,0.0,0.0,0
Championship,2023-24,2025-26,0.03,0.0,0.33,208,0.173077,-53.76,-0.258462,0,0.0,0.0,0.0,0
Championship,2023-24,2025-26,0.03,0.0,0.36,222,0.166667,-64.57,-0.290856,0,0.0,0.0,0.0,0
Championship,2023-24,2025-26,0.03,0.0,1.0,223,0.165919,-65.57,-0.294036,0,0.0,0.0,0.0,0
Championship,2023-24,2025-26,0.03,0.24,0.3,129,0.147287,-41.68,-0.323101,0,0.0,0.0,0.0,0
Championship,2023-24,2025-26,0.03,0.24,0.33,206,0.174757,-51.76,-0.251262,0,0.0,0.0,0.0,0
Championship,2023-24,2025-26,0.03,0.24,0.36,220,0.168182,-62.57,-0.284409,0,0.0,0.0,0.0,0
Championship,2023-24,2025-26,0.03,0.24,1.0,221,0.167421,-63.57,-0.287647,0,0.0,0.0,0.0,0
Championship,2023-24,2025-26,0.03,0.27,0.3,95,0.157895,-26.46,-0.278526,0,0.0,0.0,0.0,0
Championship,2023-24,2025-26,0.03,0.27,0.33,172,0.186047,-36.54,-0.212442,0,0.0,0.0,0.0,0
Championship,2023-24,2025-26,0.03,0.27,0.36,186,0.177419,-47.35,-0.25457,0,0.0,0.0,0.0,0
Championship,2023-24,2025-26,0.03,0.27,1.0,187,0.176471,-48.35,-0.258556,0,0.0,0.0,0.0,0
Championship,2023-24,2025-26,0.03,0.3,0.33,77,0.220779,-10.08,-0.130909,0,0.0,0.0,0.0,0
Championship,2023-24,2025-26,0.03,0.3,0.36,91,0.197802,-20.89,-0.22956,0,0.0,0.0,0.0,0
Championship,2023-24,2025-26,0.03,0.3,1.0,92,0.195652,-21.89,-0.237935,0,0.0,0.0,0.0,0
Championship,2023-24,2025-26,0.04,0.0,0.3,100,0.12,-40.6,-0.406,0,0.0,0.0,0.0,0
Championship,2023-24,2025-26,0.04,0.0,0.33,157,0.159236,-44.78,-0.285223,0,0.0,0.0,0.0,0
Championship,2023-24,2025-26,0.04,0.0,0.36,167,0.155689,-51.59,-0.308922,0,0.0,0.0,0.0,0
Championship,2023-24,2025-26,0.04,0.0,1.0,168,0.154762,-52.59,-0.313036,0,0.0,0.0,0.0,0
Championship,2023-24,2025-26,0.04,0.24,0.3,98,0.122449,-38.6,-0.393878,0,0.0,0.0,0.0,0
Championship,2023-24,2025-26,0.04,0.24,0.33,155,0.16129,-42.78,-0.276,0,0.0,0.0,0.0,0
Championship,2023-24,2025-26,0.04,0.24,0.36,165,0.157576,-49.59,-0.300545,0,0.0,0.0,0.0,0
Championship,2023-24,2025-26,0.04,0.24,1.0,166,0.156627,-50.59,-0.304759,0,0.0,0.0,0.0,0
Championship,2023-24,2025-26,0.04,0.27,0.3,73,0.136986,-23.94,-0.327945,0,0.0,0.0,0.0,0
Championship,2023-24,2025-26,0.04,0.27,0.33,130,0.176923,-28.12,-0.216308,0,0.0,0.0,0.0,0
Championship,2023-24,2025-26,0.04,0.27,0.36,140,0.171429,-34.93,-0.2495,0,0.0,0.0,0.0,0
Championship,2023-24,2025-26,0.04,0.27,1.0,141,0.170213,-35.93,-0.254823,0,0.0,0.0,0.0,0
Championship,2023-24,2025-26,0.04,0.3,0.33,57,0.22807,-4.18,-0.073333,0,0.0,0.0,0.0,0
Championship,2023-24,2025-26,0.04,0.3,0.36,67,0.208955,-10.99,-0.16403,0,0.0,0.0,0.0,0
Championship,2023-24,2025-26,0.04,0.3,1.0,68,0.205882,-11.99,-0.176324,0,0.0,0.0,0.0,0
Championship,2023-24,2025-26,0.05,0.0,0.3,79,0.139241,-23.89,-0.302405,0,0.0,0.0,0.0,0
Championship,2023-24,2025-26,0.05,0.0,0.33,122,0.188525,-17.65,-0.144672,0,0.0,0.0,0.0,0
Championship,2023-24,2025-26,0.05,0.0,0.36,129,0.178295,-24.65,-0.191085,0,0.0,0.0,0.0,0
Championship,2023-24,2025-26,0.05,0.0,1.0,130,0.176923,-25.65,-0.197308,0,0.0,0.0,0.0,0
Championship,2023-24,2025-26,0.05,0.24,0.3,77,0.142857,-21.89,-0.284286,0,0.0,0.0,0.0,0
Championship,2023-24,2025-26,0.05,0.24,0.33,120,0.191667,-15.65,-0.130417,0,0.0,0.0,0.0,0
Championship,2023-24,2025-26,0.05,0.24,0.36,127,0.181102,-22.65,-0.178346,0,0.0,0.0,0.0,0
Championship,2023-24,2025-26,0.05,0.24,1.0,128,0.179688,-23.65,-0.184766,0,0.0,0.0,0.0,0
Championship,2023-24,2025-26,0.05,0.27,0.3,58,0.155172,-13.23,-0.228103,0,0.0,0.0,0.0,0
Championship,2023-24,2025-26,0.05,0.27,0.33,101,0.207921,-6.99,-0.069208,0,0.0,0.0,0.0,0
Championship,2023-24,2025-26,0.05,0.27,0.36,108,0.194444,-13.99,-0.129537,0,0.0,0.0,0.0,0
Championship,2023-24,2025-26,0.05,0.27,1.0,109,0.192661,-14.99,-0.137523,0,0.0,0.0,0.0,0
Championship,2023-24,2025-26,0.05,0.3,0.36,50,0.24,-0.76,-0.0152,0,0.0,0.0,0.0,0
Championship,2023-24,2025-26,0.05,0.3,1.0,51,0.235294,-1.76,-0.03451,0,0.0,0.0,0.0,0
Eredivisie,2023-24,2025-26,0.0,0.0,0.27,141,0.198582,7.99,0.056667,0,0.0,0.0,0.0,0
Eredivisie,2023-24,2025-26,0.0,0.0,0.3,222,0.22973,23.36,0.105225,0,0.0,0.0,0.0,0
Eredivisie,2023-24,2025-26,0.0,0.0,0.33,236,0.233051,23.35,0.098941,0,0.0,0.0,0.0,0
Eredivisie,2023-24,2025-26,0.0,0.0,0.36,237,0.232068,22.35,0.094304,0,0.0,0.0,0.0,0
Eredivisie,2023-24,2025-26,0.0,0.0,1.0,237,0.232068,22.35,0.094304,0,0.0,0.0,0.0,0
Eredivisie,2023-24,2025-26,0.0,0.24,0.27,96,0.21875,2.32,0.024167,0,0.0,0.0,0.0,0
Eredivisie,2023-24,2025-26,0.0,0.24,0.3,177,0.248588,17.69,0.099944,0,0.0,0.0,0.0,0
Eredivisie,2023-24,2025-26,0.0,0.24,0.33,191,0.251309,17.68,0.092565,0,0.0,0.0,0.0,0
Eredivisie,2023-24,2025-26,0.0,0.24,0.36,192,0.25,16.68,0.086875,0,0.0,0.0,0.0,0
Eredivisie,2023-24,2025-26,0.0,0.24,1.0,192,0.25,16.68,0.086875,0,0.0,0.0,0.0,0
Eredivisie,2023-24,2025-26,0.0,0.27,0.3,81,0.283951,15.37,0.189753,0,0.0,0.0,0.0,0
Eredivisie,2023-24,2025-26,0.0,0.27,0.33,95,0.284211,15.36,0.161684,0,0.0,0.0,0.0,0
Eredivisie,2023-24,2025-26,0.0,0.27,0.36,96,0.28125,14.36,0.149583,0,0.0,0.0,0.0,0
Eredivisie,2023-24,2025-26,0.0,0.27,1.0,96,0.28125,14.36,0.149583,0,0.0,0.0,0.0,0
Eredivisie,2023-24,2025-26,0.01,0.0,0.27,121,0.181818,4.62,0.038182,0,0.0,0.0,0.0,0
Eredivisie,2023-24,2025-26,0.01,0.0,0.3,190,0.215789,17.84,0.093895,0,0.0,0.0,0.0,0
Eredivisie,2023-24,2025-26,0.01,0.0,0.33,203,0.216749,15.58,0.076749,0,0.0,0.0,0.0,0
Eredivisie,2023-24,2025-26,0.01,0.0,0.36,204,0.215686,14.58,0.071471,0,0.0,0.0,0.0,0
Eredivisie,2023-24,2025-26,0.01,0.0,1.0,204,0.215686,14.58,0.071471,0,0.0,0.0,0.0,0
Eredivisie,2023-24,2025-26,0.01,0.24,0.27,79,0.202532,0.45,0.005696,0,0.0,0.0,0.0,0
Eredivisie,2023-24,2025-26,0.01,0.24,0.3,148,0.236486,13.67,0.092365,0,0.0,0.0,0.0,0
Eredivisie,2023-24,2025-26,0.01,0.24,0.33,161,0.236025,11.41,0.07087,0,0.0,0.0,0.0,0
Eredivisie,2023-24,2025-26,0.01,0.24,0.36,162,0.234568,10.41,0.064259,0,0.0,0.0,0.0,0
Eredivisie,2023-24,2025-26,0.01,0.24,1.0,162,0.234568,10.41,0.064259,0,0.0,0.0,0.0,0
Eredivisie,2023-24,2025-26,0.01,0.27,0.3,69,0.275362,13.22,0.191594,0,0.0,0.0,0.0,0
Eredivisie,2023-24,2025-26,0.01,0.27,0.33,82,0.268293,10.96,0.133659,0,0.0,0.0,0.0,0
Eredivisie,2023-24,2025-26,0.01,0.27,0.36,83,0.26506,9.96,0.12,0,0.0,0.0,0.0,0
Eredivisie,2023-24,2025-26,0.01,0.27,1.0,83,0.26506,9.96,0.12,0,0.0,0.0,0.0,0
Eredivisie,2023-24,2025-26,0.02,0.0,0.27,111,0.189189,10.84,0.097658,0,0.0,0.0,0.0,0
Eredivisie,2023-24,2025-26,0.02,0.0,0.3,169,0.213018,20.35,0.120414,0,0.0,0.0,0.0,0
Eredivisie,2023-24,2025-26,0.02,0.0,0.33,181,0.209945,15.83,0.087459,0,0.0,0.0,0.0,0
Eredivisie,2023-24,2025-26,0.02,0.0,0.36,182,0.208791,14.83,0.081484,0,0.0,0.0,0.0,0
Eredivisie,2023-24,2025-26,0.02,0.0,1.0,182,0.208791,14.83,0.081484,0,0.0,0.0,0.0,0
Eredivisie,2023-24,2025-26,0.02,0.24,0.27,73,0.205479,2.67,0.036575,0,0.0,0.0,0.0,0
Eredivisie,2023-24,2025-26,0.02,0.24,0.3,131,0.229008,12.18,0.092977,0,0.0,0.0,0.0,0
Eredivisie,2023-24,2025-26,0.02,0.24,0.33,143,0.223776,7.66,0.053566,0,0.0,0.0,0.0,0
Eredivisie,2023-24,2025-26,0.02,0.24,0.36,144,0.222222,6.66,0.04625,0,0.0,0.0,0.0,0
Eredivisie,2023-24,2025-26,0.02,0.24,1.0,144,0.222222,6.66,0.04625,0,0.0,0.0,0.0,0
Eredivisie,2023-24,2025-26,0.02,0.27,0.3,58,0.258621,9.51,0.163966,0,0.0,0.0,0.0,0
Eredivisie,2023-24,2025-26,0.02,0.27,0.33,70,0.242857,4.99,0.071286,0,0.0,0.0,0.0,0
Eredivisie,2023-24,2025-26,0.02,0.27,0.36,71,0.239437,3.99,0.056197,0,0.0,0.0,0.0,0
Eredivisie,2023-24,2025-26,0.02,0.27,1.0,71,0.239437,3.99,0.056197,0,0.0,0.0,0.0,0
Eredivisie,2023-24,2025-26,0.03,0.0,0.27,102,0.176471,6.87,0.067353,0,0.0,0.0,0.0,0
Eredivisie,2023-24,2025-26,0.03,0.0,0.3,149,0.194631,12.49,0.083826,0,0.0,0.0,0.0,0
Eredivisie,2023-24,2025-26,0.03,0.0,0.33,159,0.188679,6.5,0.040881,0,0.0,0.0,0.0,0
Eredivisie,2023-24,2025-26,0.03,0.0,0.36,160,0.1875,5.5,0.034375,0,0.0,0.0,0.0,0
Eredivisie,2023-24,2025-26,0.03,0.0,1.0,160,0.1875,5.5,0.034375,0,0.0,0.0,0.0,0
Eredivisie,2023-24,2025-26,0.03,0.24,0.27,66,0.19697,1.29,0.019545,0,0.0,0.0,0.0,0
Eredivisie,2023-24,2025-26,0.03,0.24,0.3,113,0.212389,6.91,0.06115,0,0.0,0.0,0.0,0
Eredivisie,2023-24,2025-26,0.03,0.24,0.33,123,0.203252,0.92,0.00748,0,0.0,0.0,0.0,0
Eredivisie,2023-24,2025-26,0.03,0.24,0.36,124,0.201613,-0.08,-0.000645,0,0.0,0.0,0.0,0
Eredivisie,2023-24,2025-26,0.03,0.24,1.0,124,0.201613,-0.08,-0.000645,0,0.0,0.0,0.0,0
Eredivisie,2023-24,2025-26,0.03,0.27,0.33,57,0.210526,-0.37,-0.006491,0,0.0,0.0,0.0,0
Eredivisie,2023-24,2025-26,0.03,0.27,0.36,58,0.206897,-1.37,-0.023621,0,0.0,0.0,0.0,0
Eredivisie,2023-24,2025-26,0.03,0.27,1.0,58,0.206897,-1.37,-0.023621,0,0.0,0.0,0.0,0
Eredivisie,2023-24,2025-26,0.04,0.0,0.27,90,0.166667,3.6,0.04,0,0.0,0.0,0.0,0
Eredivisie,2023-24,2025-26,0.04,0.0,0.3,129,0.193798,13.15,0.101938,0,0.0,0.0,0.0,0
Eredivisie,2023-24,2025-26,0.04,0.0,0.33,138,0.188406,8.16,0.05913,0,0.0,0.0,0.0,0
Eredivisie,2023-24,2025-26,0.04,0.0,0.36,139,0.18705,7.16,0.051511,0,0.0,0.0,0.0,0
Eredivisie,2023-24,2025-26,0.04,0.0,1.0,139,0.18705,7.16,0.051511,0,0.0,0.0,0.0,0
Eredivisie,2023-24,2025-26,0.04,0.24,0.27,57,0.192982,1.33,0.023333,0,0.0,0.0,0.0,0
Eredivisie,2023-24,2025-26,0.04,0.24,0.3,96,0.21875,10.88,0.113333,0,0.0,0.0,0.0,0
Eredivisie,2023-24,2025-26,0.04,0.24,0.33,105,0.209524,5.89,0.056095,0,0.0,0.0,0.0,0
Eredivisie,2023-24,2025-26,0.04,0.24,0.36,106,0.207547,4.89,0.046132,0,0.0,0.0,0.0,0
Eredivisie,2023-24,2025-26,0.04,0.24,1.0,106,0.207547,4.89,0.046132,0,0.0,0.0,0.0,0
Eredivisie,2023-24,2025-26,0.05,0.0,0.27,77,0.155844,2.75,0.035714,0,0.0,0.0,0.0,0
Eredivisie,2023-24,2025-26,0.05,0.0,0.3,106,0.188679,14.22,0.134151,0,0.0,0.0,0.0,0
Eredivisie,2023-24,2025-26,0.05,0.0,0.33,112,0.1875,12.23,0.109196,0,0.0,0.0,0.0,0
Eredivisie,2023-24,2025-26,0.05,0.0,0.36,113,0.185841,11.23,0.099381,0,0.0,0.0,0.0,0
Eredivisie,2023-24,2025-26,0.05,0.0,1.0,113,0.185841,11.23,0.099381,0,0.0,0.0,0.0,0
Eredivisie,2023-24,2025-26,0.05,0.24,0.3,76,0.210526,8.95,0.117763,0,0.0,0.0,0.0,0
Eredivisie,2023-24,2025-26,0.05,0.24,0.33,82,0.207317,6.96,0.084878,0,0.0,0.0,0.0,0
Eredivisie,2023-24,2025-26,0.05,0.24,0.36,83,0.204819,5.96,0.071807,0,0.0,0.0,0.0,0
Eredivisie,2023-24,2025-26,0.05,0.24,1.0,83,0.204819,5.96,0.071807,0,0.0,0.0,0.0,0
La Liga,2023-24,2025-26,0.0,0.0,0.3,146,0.232877,-1.08,-0.007397,129,0.186047,-29.82,-0.231163,0
La Liga,2023-24,2025-26,0.0,0.0,0.33,230,0.252174,7.0,0.030435,189,0.216931,-30.7,-0.162434,0
La Liga,2023-24,2025-26,0.0,0.0,0.36,257,0.252918,2.69,0.010467,202,0.217822,-34.18,-0.169208,0
La Liga,2023-24,2025-26,0.0,0.0,1.0,259,0.250965,0.69,0.002664,203,0.221675,-32.31,-0.159163,0
La Liga,2023-24,2025-26,0.0,0.24,0.3,143,0.230769,-6.12,-0.042797,123,0.195122,-23.82,-0.193659,0
La Liga,2023-24,2025-26,0.0,0.24,0.33,227,0.251101,1.96,0.008634,183,0.224044,-24.7,-0.134973,0
La Liga,2023-24,2025-26,0.0,0.24,0.36,254,0.251969,-2.35,-0.009252,196,0.22449,-28.18,-0.143776,0
La Liga,2023-24,2025-26,0.0,0.24,1.0,256,0.25,-4.35,-0.016992,197,0.228426,-26.31,-0.133553,0
La Liga,2023-24,2025-26,0.0,0.27,0.3,103,0.23301,-7.72,-0.074951,88,0.25,0.34,0.003864,0
La Liga,2023-24,2025-26,0.0,0.27,0.33,187,0.256684,0.36,0.001925,148,0.263514,-0.54,-0.003649,0
La Liga,2023-24,2025-26,0.0,0.27,0.36,214,0.257009,-3.95,-0.018458,161,0.26087,-4.02,-0.024969,0
La Liga,2023-24,2025-26,0.0,0.27,1.0,216,0.25463,-5.95,-0.027546,162,0.265432,-2.15,-0.013272,0
La Liga,2023-24,2025-26,0.0,0.3,0.33,84,0.285714,8.08,0.09619,60,0.283333,-0.88,-0.014667,0
La Liga,2023-24,2025-26,0.0,0.3,0.36,111,0.279279,3.77,0.033964,73,0.273973,-4.36,-0.059726,0
La Liga,2023-24,2025-26,0.0,0.3,1.0,113,0.274336,1.77,0.015664,74,0.283784,-2.49,-0.033649,0
La Liga,2023-24,2025-26,0.01,0.0,0.3,126,0.206349,-9.72,-0.077143,110,0.163636,-31.4,-0.285455,0
La Liga,2023-24,2025-26,0.01,0.0,0.33,202,0.242574,3.28,0.016238,158,0.196203,-33.0,-0.208861,0
La Liga,2023-24,2025-26,0.01,0.0,0.36,229,0.244541,-1.03,-0.004498,169,0.201183,-34.48,-0.204024,0
La Liga,2023-24,2025-26,0.01,0.0,1.0,231,0.242424,-3.03,-0.013117,170,0.205882,-32.61,-0.191824,0
La Liga,2023-24,2025-26,0.01,0.24,0.3,123,0.203252,-14.76,-0.12,104,0.173077,-25.4,-0.244231,0
La Liga,2023-24,2025-26,0.01,0.24,0.33,199,0.241206,-1.76,-0.008844,152,0.203947,-27.0,-0.177632,0
La Liga,2023-24,2025-26,0.01,0.24,0.36,226,0.243363,-6.07,-0.026858,163,0.208589,-28.48,-0.174724,0
La Liga,2023-24,2025-26,0.01,0.24,1.0,228,0.241228,-8.07,-0.035395,164,0.213415,-26.61,-0.162256,0
La Liga,2023-24,2025-26,0.01,0.27,0.3,87,0.206897,-12.6,-0.144828,69,0.231884,-1.24,-0.017971,0
La Liga,2023-24,2025-26,0.01,0.27,0.33,163,0.251534,0.4,0.002454,117,0.247863,-2.84,-0.024274,0
La Liga,2023-24,2025-26,0.01,0.27,0.36,190,0.252632,-3.91,-0.020579,128,0.25,-4.32,-0.03375,0
La Liga,2023-24,2025-26,0.01,0.27,1.0,192,0.25,-5.91,-0.030781,129,0.255814,-2.45,-0.018992,0
La Liga,2023-24,2025-26,0.01,0.3,0.33,76,0.302632,13.0,0.171053,48,0.270833,-1.6,-0.033333,0
La Liga,2023-24,2025-26,0.01,0.3,0.36,103,0.291262,8.69,0.084369,59,0.271186,-3.08,-0.052203,0
La Liga,2023-24,2025-26,0.01,0.3,1.0,105,0.285714,6.69,0.063714,60,0.283333,-1.21,-0.020167,0
La Liga,2023-24,2025-26,0.02,0.0,0.3,101,0.188119,-10.39,-0.102871,94,0.138298,-33.02,-0.351277,0
La Liga,2023-24,2025-26,0.02,0.0,0.33,162,0.240741,7.37,0.045494,134,0.186567,-30.02,-0.22403,0
La Liga,2023-24,2025-26,0.02,0.0,0.36,188,0.239362,0.97,0.00516,144,0.194444,-30.5,-0.211806,0
La Liga,2023-24,2025-26,0.02,0.0,1.0,189,0.238095,-0.03,-0.000159,145,0.2,-28.63,-0.197448,0
La Liga,2023-24,2025-26,0.02,0.24,0.3,98,0.183673,-15.43,-0.157449,89,0.146067,-28.02,-0.314831,0
La Liga,2023-24,2025-26,0.02,0.24,0.33,159,0.238994,2.33,0.014654,129,0.193798,-25.02,-0.193953,0
La Liga,2023-24,2025-26,0.02,0.24,0.36,185,0.237838,-4.07,-0.022,139,0.201439,-25.5,-0.183453,0
La Liga,2023-24,2025-26,0.02,0.24,1.0,186,0.236559,-5.07,-0.027258,140,0.207143,-23.63,-0.168786,0
La Liga,2023-24,2025-26,0.02,0.27,0.3,69,0.188406,-12.29,-0.178116,57,0.192982,-6.86,-0.120351,0
La Liga,2023-24,2025-26,0.02,0.27,0.33,130,0.253846,5.47,0.042077,97,0.237113,-3.86,-0.039794,0
La Liga,2023-24,2025-26,0.02,0.27,0.36,156,0.25,-0.93,-0.005962,107,0.242991,-4.34,-0.040561,0
La Liga,2023-24,2025-26,0.02,0.27,1.0,157,0.248408,-1.93,-0.012293,108,0.25,-2.47,-0.02287,0
La Liga,2023-24,2025-26,0.02,0.3,0.33,61,0.327869,17.76,0.291148,40,0.3,3.0,0.075,1
La Liga,2023-24,2025-26,0.02,0.3,0.36,87,0.298851,11.36,0.130575,50,0.3,2.52,0.0504,1
La Liga,2023-24,2025-26,0.02,0.3,1.0,88,0.295455,10.36,0.117727,51,0.313725,4.39,0.086078,1
La Liga,2023-24,2025-26,0.03,0.0,0.3,79,0.139241,-19.53,-0.247215,79,0.126582,-29.35,-0.371519,0
La Liga,2023-24,2025-26,0.03,0.0,0.33,130,0.2,-8.81,-0.067769,107,0.158879,-31.39,-0.293364,0
La Liga,2023-24,2025-26,0.03,0.0,0.36,151,0.205298,-13.21,-0.087483,116,0.172414,-30.87,-0.266121,0
La Liga,2023-24,2025-26,0.03,0.0,1.0,152,0.203947,-14.21,-0.093487,116,0.172414,-30.87,-0.266121,0
La Liga,2023-24,2025-26,0.03,0.24,0.3,76,0.131579,-24.57,-0.323289,74,0.135135,-24.35,-0.329054,0
La Liga,2023-24,2025-26,0.03,0.24,0.33,127,0.19685,-13.85,-0.109055,102,0.166667,-26.39,-0.258725,0
La Liga,2023-24,2025-26,0.03,0.24,0.36,148,0.202703,-18.25,-0.123311,111,0.18018,-25.87,-0.233063,0
La Liga,2023-24,2025-26,0.03,0.24,1.0,149,0.201342,-19.25,-0.129195,111,0.18018,-25.87,-0.233063,0
La Liga,2023-24,2025-26,0.03,0.27,0.3,52,0.153846,-13.93,-0.267885,45,0.177778,-6.19,-0.137556,0
La Liga,2023-24,2025-26,0.03,0.27,0.33,103,0.223301,-3.21,-0.031165,73,0.205479,-8.23,-0.11274,0
La Liga,2023-24,2025-26,0.03,0.27,0.36,124,0.225806,-7.61,-0.061371,82,0.219512,-7.71,-0.094024,0
La Liga,2023-24,2025-26,0.03,0.27,1.0,125,0.224,-8.61,-0.06888,82,0.219512,-7.71,-0.094024,0
La Liga,2023-24,2025-26,0.03,0.3,0.33,51,0.294118,10.72,0.210196,28,0.25,-2.04,-0.072857,0
La Liga,2023-24,2025-26,0.03,0.3,0.36,72,0.277778,6.32,0.087778,37,0.27027,-1.52,-0.041081,0
La Liga,2023-24,2025-26,0.03,0.3,1.0,73,0.273973,5.32,0.072877,37,0.27027,-1.52,-0.041081,0
La Liga,2023-24,2025-26,0.04,0.0,0.3,68,0.147059,-12.62,-0.185588,64,0.125,-22.02,-0.344062,0
La Liga,2023-24,2025-26,0.04,0.0,0.33,113,0.19469,-6.34,-0.056106,85,0.164706,-20.51,-0.241294,0
La Liga,2023-24,2025-26,0.04,0.0,0.36,128,0.1875,-14.15,-0.110547,90,0.166667,-22.3,-0.247778,0
La Liga,2023-24,2025-26,0.04,0.0,1.0,129,0.186047,-15.15,-0.117442,90,0.166667,-22.3,-0.247778,0
La Liga,2023-24,2025-26,0.04,0.24,0.3,65,0.138462,-17.66,-0.271692,60,0.133333,-18.02,-0.300333,0
La Liga,2023-24,2025-26,0.04,0.24,0.33,110,0.190909,-11.38,-0.103455,81,0.17284,-16.51,-0.203827,0
La Liga,2023-24,2025-26,0.04,0.24,0.36,125,0.184,-19.19,-0.15352,86,0.174419,-18.3,-0.212791,0
La Liga,2023-24,2025-26,0.04,0.24,1.0,126,0.18254,-20.19,-0.160238,86,0.174419,-18.3,-0.212791,0
La Liga,2023-24,2025-26,0.04,0.27,0.33,89,0.213483,-3.74,-0.042022,56,0.214286,-2.35,-0.041964,0
La Liga,2023-24,2025-26,0.04,0.27,0.36,104,0.201923,-11.55,-0.111058,61,0.213115,-4.14,-0.067869,0
La Liga,2023-24,2025-26,0.04,0.27,1.0,105,0.2,-12.55,-0.119524,61,0.213115,-4.14,-0.067869,0
La Liga,2023-24,2025-26,0.04,0.3,0.36,60,0.233333,-1.53,-0.0255,26,0.269231,-0.28,-0.010769,0
La Liga,2023-24,2025-26,0.04,0.3,1.0,61,0.229508,-2.53,-0.041475,26,0.269231,-0.28,-0.010769,0
La Liga,2023-24,2025-26,0.05,0.0,0.3,55,0.145455,-7.67,-0.139455,56,0.125,-17.96,-0.320714,0
La Liga,2023-24,2025-26,0.05,0.0,0.33,92,0.195652,-0.5,-0.005435,69,0.115942,-26.53,-0.384493,0
La Liga,2023-24,2025-26,0.05,0.0,0.36,102,0.186275,-6.63,-0.065,73,0.123288,-27.32,-0.374247,0
La Liga,2023-24,2025-26,0.05,0.0,1.0,102,0.186275,-6.63,-0.065,73,0.123288,-27.32,-0.374247,0
La Liga,2023-24,2025-26,0.05,0.24,0.3,52,0.134615,-12.71,-0.244423,52,0.134615,-13.96,-0.268462,0
La Liga,2023-24,2025-26,0.05,0.24,0.33,89,0.191011,-5.54,-0.062247,65,0.123077,-22.53,-0.346615,0
La Liga,2023-24,2025-26,0.05,0.24,0.36,99,0.181818,-11.67,-0.117879,69,0.130435,-23.32,-0.337971,0
La Liga,2023-24,2025-26,0.05,0.24,1.0,99,0.181818,-11.67,-0.117879,69,0.130435,-23.32,-0.337971,0
La Liga,2023-24,2025-26,0.05,0.27,0.33,71,0.211268,-0.9,-0.012676,44,0.136364,-12.37,-0.281136,0
La Liga,2023-24,2025-26,0.05,0.27,0.36,81,0.197531,-7.03,-0.08679,48,0.145833,-13.16,-0.274167,0
La Liga,2023-24,2025-26,0.05,0.27,1.0,81,0.197531,-7.03,-0.08679,48,0.145833,-13.16,-0.274167,0
Ligue 1,2023-24,2025-26,0.0,0.0,0.3,140,0.278571,19.48,0.139143,139,0.230216,-8.74,-0.062878,0
Ligue 1,2023-24,2025-26,0.0,0.0,0.33,221,0.285068,34.99,0.158326,190,0.252632,-2.03,-0.010684,0
Ligue 1,2023-24,2025-26,0.0,0.0,0.36,243,0.263374,16.08,0.066173,195,0.246154,-7.03,-0.036051,0
Ligue 1,2023-24,2025-26,0.0,0.0,1.0,245,0.265306,17.68,0.072163,196,0.244898,-8.03,-0.040969,0
Ligue 1,2023-24,2025-26,0.0,0.24,0.3,136,0.279412,17.67,0.129926,128,0.234375,-7.95,-0.062109,0
Ligue 1,2023-24,2025-26,0.0,0.24,0.33,217,0.285714,33.18,0.152903,179,0.256983,-1.24,-0.006927,0
Ligue 1,2023-24,2025-26,0.0,0.24,0.36,239,0.263598,14.27,0.059707,184,0.25,-6.24,-0.033913,0
Ligue 1,2023-24,2025-26,0.0,0.24,1.0,241,0.26556,15.87,0.065851,185,0.248649,-7.24,-0.039135,0
Ligue 1,2023-24,2025-26,0.0,0.27,0.3,103,0.300971,17.44,0.16932,85,0.270588,1.31,0.015412,1
Ligue 1,2023-24,2025-26,0.0,0.27,0.33,184,0.298913,32.95,0.179076,136,0.286765,8.02,0.058971,1
Ligue 1,2023-24,2025-26,0.0,0.27,0.36,206,0.271845,14.04,0.068155,141,0.276596,3.02,0.021418,1
Ligue 1,2023-24,2025-26,0.0,0.27,1.0,208,0.274038,15.64,0.075192,142,0.274648,2.02,0.014225,1
Ligue 1,2023-24,2025-26,0.0,0.3,0.33,81,0.296296,15.51,0.191481,51,0.313725,6.71,0.131569,1
Ligue 1,2023-24,2025-26,0.0,0.3,0.36,103,0.242718,-3.4,-0.03301,56,0.285714,1.71,0.030536,0
Ligue 1,2023-24,2025-26,0.0,0.3,1.0,105,0.247619,-1.8,-0.017143,57,0.280702,0.71,0.012456,0
Ligue 1,2023-24,2025-26,0.01,0.0,0.3,116,0.275862,18.9,0.162931,103,0.174757,-23.59,-0.229029,0
Ligue 1,2023-24,2025-26,0.01,0.0,0.33,191,0.287958,37.34,0.195497,147,0.217687,-16.37,-0.111361,0
Ligue 1,2023-24,2025-26,0.01,0.0,0.36,213,0.262911,18.43,0.086526,152,0.210526,-21.37,-0.140592,0
Ligue 1,2023-24,2025-26,0.01,0.0,1.0,215,0.265116,20.03,0.093163,153,0.20915,-22.37,-0.146209,0
Ligue 1,2023-24,2025-26,0.01,0.24,0.3,113,0.274336,16.09,0.142389,94,0.180851,-20.24,-0.215319,0
Ligue 1,2023-24,2025-26,0.01,0.24,0.33,188,0.287234,34.53,0.18367,138,0.224638,-13.02,-0.094348,0
Ligue 1,2023-24,2025-26,0.01,0.24,0.36,210,0.261905,15.62,0.074381,143,0.216783,-18.02,-0.126014,0
Ligue 1,2023-24,2025-26,0.01,0.24,1.0,212,0.264151,17.22,0.081226,144,0.215278,-19.02,-0.132083,0
Ligue 1,2023-24,2025-26,0.01,0.27,0.3,85,0.282353,10.86,0.127765,63,0.206349,-11.16,-0.177143,0
Ligue 1,2023-24,2025-26,0.01,0.27,0.33,160,0.29375,29.3,0.183125,107,0.252336,-3.94,-0.036822,0
Ligue 1,2023-24,2025-26,0.01,0.27,0.36,182,0.263736,10.39,0.057088,112,0.241071,-8.94,-0.079821,0
Ligue 1,2023-24,2025-26,0.01,0.27,1.0,184,0.266304,11.99,0.065163,113,0.238938,-9.94,-0.087965,0
Ligue 1,2023-24,2025-26,0.01,0.3,0.33,75,0.306667,18.44,0.245867,44,0.318182,7.22,0.164091,1
Ligue 1,2023-24,2025-26,0.01,0.3,0.36,97,0.247423,-0.47,-0.004845,49,0.285714,2.22,0.045306,0
Ligue 1,2023-24,2025-26,0.01,0.3,1.0,99,0.252525,1.13,0.011414,50,0.28,1.22,0.0244,1
Ligue 1,2023-24,2025-26,0.02,0.0,0.3,93,0.247312,9.79,0.105269,86,0.151163,-25.11,-0.291977,0
Ligue 1,2023-24,2025-26,0.02,0.0,0.33,156,0.294872,40.23,0.257885,125,0.2,-19.58,-0.15664,0
Ligue 1,2023-24,2025-26,0.02,0.0,0.36,178,0.264045,21.32,0.119775,130,0.192308,-24.58,-0.189077,0
Ligue 1,2023-24,2025-26,0.02,0.0,1.0,180,0.266667,22.92,0.127333,131,0.19084,-25.58,-0.195267,0
Ligue 1,2023-24,2025-26,0.02,0.24,0.3,90,0.244444,6.98,0.077556,78,0.153846,-22.76,-0.291795,0
Ligue 1,2023-24,2025-26,0.02,0.24,0.33,153,0.294118,37.42,0.244575,117,0.205128,-17.23,-0.147265,0
Ligue 1,2023-24,2025-26,0.02,0.24,0.36,175,0.262857,18.51,0.105771,122,0.196721,-22.23,-0.182213,0
Ligue 1,2023-24,2025-26,0.02,0.24,1.0,177,0.265537,20.11,0.113616,123,0.195122,-23.23,-0.188862,0
Ligue 1,2023-24,2025-26,0.02,0.27,0.3,65,0.230769,-1.25,-0.019231,54,0.185185,-12.7,-0.235185,0
Ligue 1,2023-24,2025-26,0.02,0.27,0.33,128,0.296875,29.19,0.228047,93,0.236559,-7.17,-0.077097,0
Ligue 1,2023-24,2025-26,0.02,0.27,0.36,150,0.26,10.28,0.068533,98,0.22449,-12.17,-0.124184,0
Ligue 1,2023-24,2025-26,0.02,0.27,1.0,152,0.263158,11.88,0.078158,99,0.222222,-13.17,-0.13303,0
Ligue 1,2023-24,2025-26,0.02,0.3,0.33,63,0.365079,30.44,0.483175,39,0.307692,5.53,0.141795,1
Ligue 1,2023-24,2025-26,0.02,0.3,0.36,85,0.282353,11.53,0.135647,44,0.272727,0.53,0.012045,1
Ligue 1,2023-24,2025-26,0.02,0.3,1.0,87,0.287356,13.13,0.15092,45,0.266667,-0.47,-0.010444,0
Ligue 1,2023-24,2025-26,0.03,0.0,0.3,74,0.27027,17.21,0.232568,68,0.147059,-18.61,-0.273676,0
Ligue 1,2023-24,2025-26,0.03,0.0,0.33,133,0.308271,45.06,0.338797,100,0.19,-16.33,-0.1633,0
Ligue 1,2023-24,2025-26,0.03,0.0,0.36,153,0.267974,25.06,0.163791,104,0.182692,-20.33,-0.195481,0
Ligue 1,2023-24,2025-26,0.03,0.0,1.0,155,0.270968,26.66,0.172,105,0.180952,-21.33,-0.203143,0
Ligue 1,2023-24,2025-26,0.03,0.24,0.3,71,0.267606,14.4,0.202817,62,0.145161,-18.26,-0.294516,0
Ligue 1,2023-24,2025-26,0.03,0.24,0.33,130,0.307692,42.25,0.325,94,0.191489,-15.98,-0.17,0
Ligue 1,2023-24,2025-26,0.03,0.24,0.36,150,0.266667,22.25,0.148333,98,0.183673,-19.98,-0.203878,0
Ligue 1,2023-24,2025-26,0.03,0.24,1.0,152,0.269737,23.85,0.156908,99,0.181818,-20.98,-0.211919,0
Ligue 1,2023-24,2025-26,0.03,0.27,0.3,53,0.245283,3.37,0.063585,40,0.175,-10.2,-0.255,0
Ligue 1,2023-24,2025-26,0.03,0.27,0.33,112,0.303571,31.22,0.27875,72,0.222222,-7.92,-0.11,0
Ligue 1,2023-24,2025-26,0.03,0.27,0.36,132,0.257576,11.22,0.085,76,0.210526,-11.92,-0.156842,0
Ligue 1,2023-24,2025-26,0.03,0.27,1.0,134,0.261194,12.82,0.095672,77,0.207792,-12.92,-0.167792,0
Ligue 1,2023-24,2025-26,0.03,0.3,0.33,59,0.355932,27.85,0.472034,32,0.28125,2.28,0.07125,1
Ligue 1,2023-24,2025-26,0.03,0.3,0.36,79,0.265823,7.85,0.099367,36,0.25,-1.72,-0.047778,0
Ligue 1,2023-24,2025-26,0.03,0.3,1.0,81,0.271605,9.45,0.116667,37,0.243243,-2.72,-0.073514,0
Ligue 1,2023-24,2025-26,0.04,0.0,0.3,58,0.206897,0.7,0.012069,61,0.147541,-15.35,-0.251639,0
Ligue 1,2023-24,2025-26,0.04,0.0,0.33,108,0.277778,27.1,0.250926,89,0.168539,-19.68,-0.221124,0
Ligue 1,2023-24,2025-26,0.04,0.0,0.36,126,0.238095,9.1,0.072222,92,0.163043,-22.68,-0.246522,0
Ligue 1,2023-24,2025-26,0.04,0.0,1.0,128,0.242188,10.7,0.083594,93,0.16129,-23.68,-0.254624,0
Ligue 1,2023-24,2025-26,0.04,0.24,0.3,55,0.2,-2.11,-0.038364,56,0.142857,-16.0,-0.285714,0
Ligue 1,2023-24,2025-26,0.04,0.24,0.33,105,0.27619,24.29,0.231333,84,0.166667,-20.33,-0.242024,0
Ligue 1,2023-24,2025-26,0.04,0.24,0.36,123,0.235772,6.29,0.051138,87,0.16092,-23.33,-0.268161,0
Ligue 1,2023-24,2025-26,0.04,0.24,1.0,125,0.24,7.89,0.06312,88,0.159091,-24.33,-0.276477,0
Ligue 1,2023-24,2025-26,0.04,0.27,0.33,90,0.277778,18.74,0.208222,63,0.190476,-13.27,-0.210635,0
Ligue 1,2023-24,2025-26,0.04,0.27,0.36,108,0.231481,0.74,0.006852,66,0.181818,-16.27,-0.246515,0
Ligue 1,2023-24,2025-26,0.04,0.27,1.0,110,0.236364,2.34,0.021273,67,0.179104,-17.27,-0.257761,0
Ligue 1,2023-24,2025-26,0.04,0.3,0.33,50,0.36,26.4,0.528,28,0.214286,-4.33,-0.154643,0
Ligue 1,2023-24,2025-26,0.04,0.3,0.36,68,0.264706,8.4,0.123529,31,0.193548,-7.33,-0.236452,0
Ligue 1,2023-24,2025-26,0.04,0.3,1.0,70,0.271429,10.0,0.142857,32,0.1875,-8.33,-0.260313,0
Ligue 1,2023-24,2025-26,0.05,0.0,0.33,85,0.258824,19.21,0.226,77,0.155844,-18.93,-0.245844,0
Ligue 1,2023-24,2025-26,0.05,0.0,0.36,98,0.22449,6.21,0.063367,79,0.151899,-20.93,-0.264937,0
Ligue 1,2023-24,2025-26,0.05,0.0,1.0,100,0.23,7.81,0.0781,80,0.15,-21.93,-0.274125,0
Ligue 1,2023-24,2025-26,0.05,0.24,0.33,83,0.253012,15.4,0.185542,72,0.152778,-19.58,-0.271944,0
Ligue 1,2023-24,2025-26,0.05,0.24,0.36,96,0.21875,2.4,0.025,74,0.148649,-21.58,-0.291622,0
Ligue 1,2023-24,2025-26,0.05,0.24,1.0,98,0.22449,4.0,0.040816,75,0.146667,-22.58,-0.301067,0
Ligue 1,2023-24,2025-26,0.05,0.27,0.33,71,0.253521,11.33,0.159577,54,0.166667,-15.52,-0.287407,0
Ligue 1,2023-24,2025-26,0.05,0.27,0.36,84,0.214286,-1.67,-0.019881,56,0.160714,-17.52,-0.312857,0
Ligue 1,2023-24,2025-26,0.05,0.27,1.0,86,0.22093,-0.07,-0.000814,57,0.157895,-18.52,-0.324912,0
Ligue 1,2023-24,2025-26,0.05,0.3,0.36,53,0.245283,5.19,0.097925,25,0.16,-8.79,-0.3516,0
Ligue 1,2023-24,2025-26,0.05,0.3,1.0,55,0.254545,6.79,0.123455,26,0.153846,-9.79,-0.376538,0
Premier League,2023-24,2025-26,0.0,0.0,0.27,169,0.189349,-7.28,-0.043077,66,0.318182,31.3,0.474242,0
Premier League,2023-24,2025-26,0.0,0.0,0.3,273,0.175824,-47.89,-0.175421,196,0.265306,27.37,0.139643,0
Premier League,2023-24,2025-26,0.0,0.0,0.33,280,0.182143,-44.49,-0.158893,237,0.270042,30.43,0.128397,0
Premier League,2023-24,2025-26,0.0,0.0,0.36,281,0.185053,-41.79,-0.148719,241,0.26971,29.9,0.124066,0
Premier League,2023-24,2025-26,0.0,0.0,1.0,281,0.185053,-41.79,-0.148719,241,0.26971,29.9,0.124066,0
Premier League,2023-24,2025-26,0.0,0.24,0.27,115,0.191304,-6.44,-0.056,58,0.327586,26.21,0.451897,0
Premier League,2023-24,2025-26,0.0,0.24,0.3,219,0.173516,-47.05,-0.21484,188,0.265957,22.28,0.118511,0
Premier League,2023-24,2025-26,0.0,0.24,0.33,226,0.181416,-43.65,-0.193142,229,0.270742,25.34,0.110655,0
Premier League,2023-24,2025-26,0.0,0.24,0.36,227,0.185022,-40.95,-0.180396,233,0.270386,24.81,0.106481,0
Premier League,2023-24,2025-26,0.0,0.24,1.0,227,0.185022,-40.95,-0.180396,233,0.270386,24.81,0.106481,0
Premier League,2023-24,2025-26,0.0,0.27,0.3,104,0.153846,-40.61,-0.390481,130,0.238462,-3.93,-0.030231,0
Premier League,2023-24,2025-26,0.0,0.27,0.33,111,0.171171,-37.21,-0.335225,171,0.251462,-0.87,-0.005088,0
Premier League,2023-24,2025-26,0.0,0.27,0.36,112,0.178571,-34.51,-0.308125,175,0.251429,-1.4,-0.008,0
Premier League,2023-24,2025-26,0.0,0.27,1.0,112,0.178571,-34.51,-0.308125,175,0.251429,-1.4,-0.008,0
Premier League,2023-24,2025-26,0.01,0.0,0.27,142,0.161972,-16.95,-0.119366,58,0.310345,27.7,0.477586,0
Premier League,2023-24,2025-26,0.01,0.0,0.3,227,0.14978,-56.1,-0.247137,163,0.269939,31.51,0.193313,0
Premier League,2023-24,2025-26,0.01,0.0,0.33,233,0.154506,-54.99,-0.236009,203,0.275862,35.57,0.175222,0
Premier League,2023-24,2025-26,0.01,0.0,0.36,234,0.15812,-52.29,-0.223462,207,0.275362,35.04,0.169275,0
Premier League,2023-24,2025-26,0.01,0.0,1.0,234,0.15812,-52.29,-0.223462,207,0.275362,35.04,0.169275,0
Premier League,2023-24,2025-26,0.01,0.24,0.27,96,0.166667,-10.9,-0.113542,50,0.32,22.61,0.4522,0
Premier League,2023-24,2025-26,0.01,0.24,0.3,181,0.149171,-50.05,-0.276519,155,0.270968,26.42,0.170452,0
Premier League,2023-24,2025-26,0.01,0.24,0.33,187,0.15508,-48.94,-0.261711,195,0.276923,30.48,0.156308,0
Premier League,2023-24,2025-26,0.01,0.24,0.36,188,0.159574,-46.24,-0.245957,199,0.276382,29.95,0.150503,0
Premier League,2023-24,2025-26,0.01,0.24,1.0,188,0.159574,-46.24,-0.245957,199,0.276382,29.95,0.150503,0
Premier League,2023-24,2025-26,0.01,0.27,0.3,85,0.129412,-39.15,-0.460588,105,0.247619,3.81,0.036286,0
Premier League,2023-24,2025-26,0.01,0.27,0.33,91,0.142857,-38.04,-0.418022,145,0.262069,7.87,0.054276,0
Premier League,2023-24,2025-26,0.01,0.27,0.36,92,0.152174,-35.34,-0.38413,149,0.261745,7.34,0.049262,0
Premier League,2023-24,2025-26,0.01,0.27,1.0,92,0.152174,-35.34,-0.38413,149,0.261745,7.34,0.049262,0
Premier League,2023-24,2025-26,0.02,0.0,0.27,118,0.169492,-5.13,-0.043475,49,0.346939,32.81,0.669592,0
Premier League,2023-24,2025-26,0.02,0.0,0.3,190,0.152632,-38.61,-0.203211,135,0.274074,33.38,0.247259,0
Premier League,2023-24,2025-26,0.02,0.0,0.33,195,0.153846,-39.82,-0.204205,170,0.282353,39.16,0.230353,0
Premier League,2023-24,2025-26,0.02,0.0,0.36,196,0.158163,-37.12,-0.189388,174,0.281609,38.63,0.222011,0
Premier League,2023-24,2025-26,0.02,0.0,1.0,196,0.158163,-37.12,-0.189388,174,0.281609,38.63,0.222011,0
Premier League,2023-24,2025-26,0.02,0.24,0.27,78,0.179487,-0.82,-0.010513,42,0.357143,26.72,0.63619,0
Premier League,2023-24,2025-26,0.02,0.24,0.3,150,0.153333,-34.3,-0.228667,128,0.273438,27.29,0.213203,0
Premier League,2023-24,2025-26,0.02,0.24,0.33,155,0.154839,-35.51,-0.229097,163,0.282209,33.07,0.202883,0
Premier League,2023-24,2025-26,0.02,0.24,0.36,156,0.160256,-32.81,-0.210321,167,0.281437,32.54,0.19485,0
Premier League,2023-24,2025-26,0.02,0.24,1.0,156,0.160256,-32.81,-0.210321,167,0.281437,32.54,0.19485,0
Premier League,2023-24,2025-26,0.02,0.27,0.3,72,0.125,-33.48,-0.465,86,0.232558,0.57,0.006628,0
Premier League,2023-24,2025-26,0.02,0.27,0.33,77,0.12987,-34.69,-0.450519,121,0.256198,6.35,0.052479,0
Premier League,2023-24,2025-26,0.02,0.27,0.36,78,0.141026,-31.99,-0.410128,125,0.256,5.82,0.04656,0
Premier League,2023-24,2025-26,0.02,0.27,1.0,78,0.141026,-31.99,-0.410128,125,0.256,5.82,0.04656,0
Premier League,2023-24,2025-26,0.03,0.0,0.27,98,0.173469,1.81,0.018469,35,0.4,34.26,0.978857,1
Premier League,2023-24,2025-26,0.03,0.0,0.3,159,0.150943,-27.92,-0.175597,103,0.291262,38.21,0.370971,0
Premier League,2023-24,2025-26,0.03,0.0,0.33,164,0.152439,-29.13,-0.177622,133,0.285714,38.59,0.29015,0
Premier League,2023-24,2025-26,0.03,0.0,0.36,165,0.157576,-26.43,-0.160182,137,0.284672,38.06,0.27781,0
Premier League,2023-24,2025-26,0.03,0.0,1.0,165,0.157576,-26.43,-0.160182,137,0.284672,38.06,0.27781,0
Premier League,2023-24,2025-26,0.03,0.24,0.27,63,0.190476,5.76,0.091429,31,0.387097,25.17,0.811935,1
Premier League,2023-24,2025-26,0.03,0.24,0.3,124,0.153226,-23.97,-0.193306,99,0.282828,29.12,0.294141,0
Premier League,2023-24,2025-26,0.03,0.24,0.33,129,0.155039,-25.18,-0.195194,129,0.27907,29.5,0.228682,0
Premier League,2023-24,2025-26,0.03,0.24,0.36,130,0.161538,-22.48,-0.172923,133,0.278195,28.97,0.21782,0
Premier League,2023-24,2025-26,0.03,0.24,1.0,130,0.161538,-22.48,-0.172923,133,0.278195,28.97,0.21782,0
Premier League,2023-24,2025-26,0.03,0.27,0.3,61,0.114754,-29.73,-0.487377,68,0.235294,3.95,0.058088,0
Premier League,2023-24,2025-26,0.03,0.27,0.33,66,0.121212,-30.94,-0.468788,98,0.244898,4.33,0.044184,0
Premier League,2023-24,2025-26,0.03,0.27,0.36,67,0.134328,-28.24,-0.421493,102,0.245098,3.8,0.037255,0
Premier League,2023-24,2025-26,0.03,0.27,1.0,67,0.134328,-28.24,-0.421493,102,0.245098,3.8,0.037255,0
Premier League,2023-24,2025-26,0.04,0.0,0.27,80,0.175,5.47,0.068375,25,0.36,22.56,0.9024,1
Premier League,2023-24,2025-26,0.04,0.0,0.3,128,0.148438,-19.21,-0.150078,76,0.263158,23.9,0.314474,0
Premier League,2023-24,2025-26,0.04,0.0,0.33,132,0.151515,-19.42,-0.147121,98,0.244898,17.88,0.182449,0
Premier League,2023-24,2025-26,0.04,0.0,0.36,133,0.157895,-16.72,-0.125714,101,0.247525,18.35,0.181683,0
Premier League,2023-24,2025-26,0.04,0.0,1.0,133,0.157895,-16.72,-0.125714,101,0.247525,18.35,0.181683,0
Premier League,2023-24,2025-26,0.04,0.24,0.27,50,0.2,9.8,0.196,21,0.333333,13.47,0.641429,1
Premier League,2023-24,2025-26,0.04,0.24,0.3,98,0.153061,-14.88,-0.151837,72,0.25,14.81,0.205694,0
Premier League,2023-24,2025-26,0.04,0.24,0.33,102,0.156863,-15.09,-0.147941,94,0.234043,8.79,0.093511,0
Premier League,2023-24,2025-26,0.04,0.24,0.36,103,0.165049,-12.39,-0.120291,97,0.237113,9.26,0.095464,0
Premier League,2023-24,2025-26,0.04,0.24,1.0,103,0.165049,-12.39,-0.120291,97,0.237113,9.26,0.095464,0
Premier League,2023-24,2025-26,0.04,0.27,0.33,52,0.115385,-24.89,-0.478654,73,0.205479,-4.68,-0.06411,0
Premier League,2023-24,2025-26,0.04,0.27,0.36,53,0.132075,-22.19,-0.418679,76,0.210526,-4.21,-0.055395,0
Premier League,2023-24,2025-26,0.04,0.27,1.0,53,0.132075,-22.19,-0.418679,76,0.210526,-4.21,-0.055395,0
Premier League,2023-24,2025-26,0.05,0.0,0.27,69,0.15942,2.7,0.03913,20,0.35,18.34,0.917,1
Premier League,2023-24,2025-26,0.05,0.0,0.3,108,0.12963,-21.46,-0.198704,63,0.253968,20.01,0.317619,0
Premier League,2023-24,2025-26,0.05,0.0,0.33,110,0.127273,-23.46,-0.213273,82,0.231707,13.36,0.162927,0
Premier League,2023-24,2025-26,0.05,0.0,0.36,111,0.135135,-20.76,-0.187027,84,0.238095,14.83,0.176548,0
Premier League,2023-24,2025-26,0.05,0.0,1.0,111,0.135135,-20.76,-0.187027,84,0.238095,14.83,0.176548,0
Premier League,2023-24,2025-26,0.05,0.24,0.3,80,0.125,-19.13,-0.239125,59,0.237288,10.92,0.185085,0
Premier League,2023-24,2025-26,0.05,0.24,0.33,82,0.121951,-21.13,-0.257683,78,0.217949,4.27,0.054744,0
Premier League,2023-24,2025-26,0.05,0.24,0.36,83,0.13253,-18.43,-0.222048,80,0.225,5.74,0.07175,0
Premier League,2023-24,2025-26,0.05,0.24,1.0,83,0.13253,-18.43,-0.222048,80,0.225,5.74,0.07175,0
Primeira Liga,2023-24,2025-26,0.0,0.0,0.27,67,0.089552,-32.05,-0.478358,0,0.0,0.0,0.0,0
Primeira Liga,2023-24,2025-26,0.0,0.0,0.3,162,0.141975,-53.43,-0.329815,0,0.0,0.0,0.0,0
Primeira Liga,2023-24,2025-26,0.0,0.0,0.33,196,0.168367,-47.11,-0.240357,0,0.0,0.0,0.0,0
Primeira Liga,2023-24,2025-26,0.0,0.0,0.36,203,0.167488,-50.91,-0.250788,0,0.0,0.0,0.0,0
Primeira Liga,2023-24,2025-26,0.0,0.0,1.0,203,0.167488,-50.91,-0.250788,0,0.0,0.0,0.0,0
Primeira Liga,2023-24,2025-26,0.0,0.24,0.3,142,0.147887,-44.88,-0.316056,0,0.0,0.0,0.0,0
Primeira Liga,2023-24,2025-26,0.0,0.24,0.33,176,0.176136,-38.56,-0.219091,0,0.0,0.0,0.0,0
Primeira Liga,2023-24,2025-26,0.0,0.24,0.36,183,0.174863,-42.36,-0.231475,0,0.0,0.0,0.0,0
Primeira Liga,2023-24,2025-26,0.0,0.24,1.0,183,0.174863,-42.36,-0.231475,0,0.0,0.0,0.0,0
Primeira Liga,2023-24,2025-26,0.0,0.27,0.3,95,0.178947,-21.38,-0.225053,0,0.0,0.0,0.0,0
Primeira Liga,2023-24,2025-26,0.0,0.27,0.33,129,0.209302,-15.06,-0.116744,0,0.0,0.0,0.0,0
Primeira Liga,2023-24,2025-26,0.0,0.27,0.36,136,0.205882,-18.86,-0.138676,0,0.0,0.0,0.0,0
Primeira Liga,2023-24,2025-26,0.0,0.27,1.0,136,0.205882,-18.86,-0.138676,0,0.0,0.0,0.0,0
Primeira Liga,2023-24,2025-26,0.01,0.0,0.27,60,0.1,-25.05,-0.4175,0,0.0,0.0,0.0,0
Primeira Liga,2023-24,2025-26,0.01,0.0,0.3,134,0.141791,-39.29,-0.293209,0,0.0,0.0,0.0,0
Primeira Liga,2023-24,2025-26,0.01,0.0,0.33,164,0.170732,-32.18,-0.19622,0,0.0,0.0,0.0,0
Primeira Liga,2023-24,2025-26,0.01,0.0,0.36,171,0.169591,-35.98,-0.210409,0,0.0,0.0,0.0,0
Primeira Liga,2023-24,2025-26,0.01,0.0,1.0,171,0.169591,-35.98,-0.210409,0,0.0,0.0,0.0,0
Primeira Liga,2023-24,2025-26,0.01,0.24,0.3,115,0.147826,-31.74,-0.276,0,0.0,0.0,0.0,0
Primeira Liga,2023-24,2025-26,0.01,0.24,0.33,145,0.17931,-24.63,-0.169862,0,0.0,0.0,0.0,0
Primeira Liga,2023-24,2025-26,0.01,0.24,0.36,152,0.177632,-28.43,-0.187039,0,0.0,0.0,0.0,0
Primeira Liga,2023-24,2025-26,0.01,0.24,1.0,152,0.177632,-28.43,-0.187039,0,0.0,0.0,0.0,0
Primeira Liga,2023-24,2025-26,0.01,0.27,0.3,74,0.175676,-14.24,-0.192432,0,0.0,0.0,0.0,0
Primeira Liga,2023-24,2025-26,0.01,0.27,0.33,104,0.211538,-7.13,-0.068558,0,0.0,0.0,0.0,0
Primeira Liga,2023-24,2025-26,0.01,0.27,0.36,111,0.207207,-10.93,-0.098468,0,0.0,0.0,0.0,0
Primeira Liga,2023-24,2025-26,0.01,0.27,1.0,111,0.207207,-10.93,-0.098468,0,0.0,0.0,0.0,0
Primeira Liga,2023-24,2025-26,0.02,0.0,0.27,58,0.103448,-23.05,-0.397414,0,0.0,0.0,0.0,0
Primeira Liga,2023-24,2025-26,0.02,0.0,0.3,120,0.133333,-35.92,-0.299333,0,0.0,0.0,0.0,0
Primeira Liga,2023-24,2025-26,0.02,0.0,0.33,144,0.159722,-29.36,-0.203889,0,0.0,0.0,0.0,0
Primeira Liga,2023-24,2025-26,0.02,0.0,0.36,149,0.161074,-31.16,-0.209128,0,0.0,0.0,0.0,0
Primeira Liga,2023-24,2025-26,0.02,0.0,1.0,149,0.161074,-31.16,-0.209128,0,0.0,0.0,0.0,0
Primeira Liga,2023-24,2025-26,0.02,0.24,0.3,102,0.137255,-29.37,-0.287941,0,0.0,0.0,0.0,0
Primeira Liga,2023-24,2025-26,0.02,0.24,0.33,126,0.166667,-22.81,-0.181032,0,0.0,0.0,0.0,0
Primeira Liga,2023-24,2025-26,0.02,0.24,0.36,131,0.167939,-24.61,-0.187863,0,0.0,0.0,0.0,0
Primeira Liga,2023-24,2025-26,0.02,0.24,1.0,131,0.167939,-24.61,-0.187863,0,0.0,0.0,0.0,0
Primeira Liga,2023-24,2025-26,0.02,0.27,0.3,62,0.16129,-12.87,-0.207581,0,0.0,0.0,0.0,0
Primeira Liga,2023-24,2025-26,0.02,0.27,0.33,86,0.197674,-6.31,-0.073372,0,0.0,0.0,0.0,0
Primeira Liga,2023-24,2025-26,0.02,0.27,0.36,91,0.197802,-8.11,-0.089121,0,0.0,0.0,0.0,0
Primeira Liga,2023-24,2025-26,0.02,0.27,1.0,91,0.197802,-8.11,-0.089121,0,0.0,0.0,0.0,0
Primeira Liga,2023-24,2025-26,0.03,0.0,0.27,53,0.075472,-26.75,-0.504717,0,0.0,0.0,0.0,0
Primeira Liga,2023-24,2025-26,0.03,0.0,0.3,108,0.12037,-36.49,-0.33787,0,0.0,0.0,0.0,0
Primeira Liga,2023-24,2025-26,0.03,0.0,0.33,121,0.140496,-29.12,-0.240661,0,0.0,0.0,0.0,0
Primeira Liga,2023-24,2025-26,0.03,0.0,0.36,123,0.146341,-27.92,-0.226992,0,0.0,0.0,0.0,0
Primeira Liga,2023-24,2025-26,0.03,0.0,1.0,123,0.146341,-27.92,-0.226992,0,0.0,0.0,0.0,0
Primeira Liga,2023-24,2025-26,0.03,0.24,0.3,91,0.131868,-26.19,-0.287802,0,0.0,0.0,0.0,0
Primeira Liga,2023-24,2025-26,0.03,0.24,0.33,104,0.153846,-18.82,-0.180962,0,0.0,0.0,0.0,0
Primeira Liga,2023-24,2025-26,0.03,0.24,0.36,106,0.160377,-17.62,-0.166226,0,0.0,0.0,0.0,0
Primeira Liga,2023-24,2025-26,0.03,0.24,1.0,106,0.160377,-17.62,-0.166226,0,0.0,0.0,0.0,0
Primeira Liga,2023-24,2025-26,0.03,0.27,0.3,55,0.163636,-9.74,-0.177091,0,0.0,0.0,0.0,0
Primeira Liga,2023-24,2025-26,0.03,0.27,0.33,68,0.191176,-2.37,-0.034853,0,0.0,0.0,0.0,0
Primeira Liga,2023-24,2025-26,0.03,0.27,0.36,70,0.2,-1.17,-0.016714,0,0.0,0.0,0.0,0
Primeira Liga,2023-24,2025-26,0.03,0.27,1.0,70,0.2,-1.17,-0.016714,0,0.0,0.0,0.0,0
Primeira Liga,2023-24,2025-26,0.04,0.0,0.27,51,0.078431,-24.75,-0.485294,0,0.0,0.0,0.0,0
Primeira Liga,2023-24,2025-26,0.04,0.0,0.3,100,0.12,-32.51,-0.3251,0,0.0,0.0,0.0,0
Primeira Liga,2023-24,2025-26,0.04,0.0,0.33,110,0.136364,-25.63,-0.233,0,0.0,0.0,0.0,0
Primeira Liga,2023-24,2025-26,0.04,0.0,0.36,111,0.144144,-23.43,-0.211081,0,0.0,0.0,0.0,0
Primeira Liga,2023-24,2025-26,0.04,0.0,1.0,111,0.144144,-23.43,-0.211081,0,0.0,0.0,0.0,0
Primeira Liga,2023-24,2025-26,0.04,0.24,0.3,84,0.130952,-23.21,-0.27631,0,0.0,0.0,0.0,0
Primeira Liga,2023-24,2025-26,0.04,0.24,0.33,94,0.148936,-16.33,-0.173723,0,0.0,0.0,0.0,0
Primeira Liga,2023-24,2025-26,0.04,0.24,0.36,95,0.157895,-14.13,-0.148737,0,0.0,0.0,0.0,0
Primeira Liga,2023-24,2025-26,0.04,0.24,1.0,95,0.157895,-14.13,-0.148737,0,0.0,0.0,0.0,0
Primeira Liga,2023-24,2025-26,0.04,0.27,0.33,59,0.186441,-0.88,-0.014915,0,0.0,0.0,0.0,0
Primeira Liga,2023-24,2025-26,0.04,0.27,0.36,60,0.2,1.32,0.022,0,0.0,0.0,0.0,0
Primeira Liga,2023-24,2025-26,0.04,0.27,1.0,60,0.2,1.32,0.022,0,0.0,0.0,0.0,0
Primeira Liga,2023-24,2025-26,0.05,0.0,0.3,94,0.117021,-30.79,-0.327553,0,0.0,0.0,0.0,0
Primeira Liga,2023-24,2025-26,0.05,0.0,0.33,102,0.127451,-25.67,-0.251667,0,0.0,0.0,0.0,0
Primeira Liga,2023-24,2025-26,0.05,0.0,0.36,102,0.127451,-25.67,-0.251667,0,0.0,0.0,0.0,0
Primeira Liga,2023-24,2025-26,0.05,0.0,1.0,102,0.127451,-25.67,-0.251667,0,0.0,0.0,0.0,0
Primeira Liga,2023-24,2025-26,0.05,0.24,0.3,78,0.128205,-21.49,-0.275513,0,0.0,0.0,0.0,0
Primeira Liga,2023-24,2025-26,0.05,0.24,0.33,86,0.139535,-16.37,-0.190349,0,0.0,0.0,0.0,0
Primeira Liga,2023-24,2025-26,0.05,0.24,0.36,86,0.139535,-16.37,-0.190349,0,0.0,0.0,0.0,0
Primeira Liga,2023-24,2025-26,0.05,0.24,1.0,86,0.139535,-16.37,-0.190349,0,0.0,0.0,0.0,0
Primeira Liga,2023-24,2025-26,0.05,0.27,0.33,53,0.169811,-2.92,-0.055094,0,0.0,0.0,0.0,0
Primeira Liga,2023-24,2025-26,0.05,0.27,0.36,53,0.169811,-2.92,-0.055094,0,0.0,0.0,0.0,0
Primeira Liga,2023-24,2025-26,0.05,0.27,1.0,53,0.169811,-2.92,-0.055094,0,0.0,0.0,0.0,0
Pro League,2023-24,2025-26,0.0,0.0,0.27,58,0.155172,-9.31,-0.160517,0,0.0,0.0,0.0,0
Pro League,2023-24,2025-26,0.0,0.0,0.3,202,0.232673,-2.22,-0.01099,0,0.0,0.0,0.0,0
Pro League,2023-24,2025-26,0.0,0.0,0.33,247,0.242915,2.23,0.009028,0,0.0,0.0,0.0,0
Pro League,2023-24,2025-26,0.0,0.0,0.36,250,0.24,-0.77,-0.00308,0,0.0,0.0,0.0,0
Pro League,2023-24,2025-26,0.0,0.0,1.0,250,0.24,-0.77,-0.00308,0,0.0,0.0,0.0,0
Pro League,2023-24,2025-26,0.0,0.24,0.3,190,0.247368,9.78,0.051474,0,0.0,0.0,0.0,0
Pro League,2023-24,2025-26,0.0,0.24,0.33,235,0.255319,14.23,0.060553,0,0.0,0.0,0.0,0
Pro League,2023-24,2025-26,0.0,0.24,0.36,238,0.252101,11.23,0.047185,0,0.0,0.0,0.0,0
Pro League,2023-24,2025-26,0.0,0.24,1.0,238,0.252101,11.23,0.047185,0,0.0,0.0,0.0,0
Pro League,2023-24,2025-26,0.0,0.27,0.3,144,0.263889,7.09,0.049236,0,0.0,0.0,0.0,0
Pro League,2023-24,2025-26,0.0,0.27,0.33,189,0.269841,11.54,0.061058,0,0.0,0.0,0.0,0
Pro League,2023-24,2025-26,0.0,0.27,0.36,192,0.265625,8.54,0.044479,0,0.0,0.0,0.0,0
Pro League,2023-24,2025-26,0.0,0.27,1.0,192,0.265625,8.54,0.044479,0,0.0,0.0,0.0,0
Pro League,2023-24,2025-26,0.01,0.0,0.27,50,0.18,-1.31,-0.0262,0,0.0,0.0,0.0,0
Pro League,2023-24,2025-26,0.01,0.0,0.3,177,0.237288,5.24,0.029605,0,0.0,0.0,0.0,0
Pro League,2023-24,2025-26,0.01,0.0,0.33,222,0.247748,9.69,0.043649,0,0.0,0.0,0.0,0
Pro League,2023-24,2025-26,0.01,0.0,0.36,225,0.244444,6.69,0.029733,0,0.0,0.0,0.0,0
Pro League,2023-24,2025-26,0.01,0.0,1.0,225,0.244444,6.69,0.029733,0,0.0,0.0,0.0,0
Pro League,2023-24,2025-26,0.01,0.24,0.3,166,0.253012,16.24,0.097831,0,0.0,0.0,0.0,0
Pro League,2023-24,2025-26,0.01,0.24,0.33,211,0.260664,20.69,0.098057,0,0.0,0.0,0.0,0
Pro League,2023-24,2025-26,0.01,0.24,0.36,214,0.257009,17.69,0.082664,0,0.0,0.0,0.0,0
Pro League,2023-24,2025-26,0.01,0.24,1.0,214,0.257009,17.69,0.082664,0,0.0,0.0,0.0,0
Pro League,2023-24,2025-26,0.01,0.27,0.3,127,0.259843,6.55,0.051575,0,0.0,0.0,0.0,0
Pro League,2023-24,2025-26,0.01,0.27,0.33,172,0.267442,11.0,0.063953,0,0.0,0.0,0.0,0
Pro League,2023-24,2025-26,0.01,0.27,0.36,175,0.262857,8.0,0.045714,0,0.0,0.0,0.0,0
Pro League,2023-24,2025-26,0.01,0.27,1.0,175,0.262857,8.0,0.045714,0,0.0,0.0,0.0,0
Pro League,2023-24,2025-26,0.02,0.0,0.3,150,0.226667,2.73,0.0182,0,0.0,0.0,0.0,0
Pro League,2023-24,2025-26,0.02,0.0,0.33,191,0.240838,7.86,0.041152,0,0.0,0.0,0.0,0
Pro League,2023-24,2025-26,0.02,0.0,0.36,194,0.237113,4.86,0.025052,0,0.0,0.0,0.0,0
Pro League,2023-24,2025-26,0.02,0.0,1.0,194,0.237113,4.86,0.025052,0,0.0,0.0,0.0,0
Pro League,2023-24,2025-26,0.02,0.24,0.3,140,0.242857,12.73,0.090929,0,0.0,0.0,0.0,0
Pro League,2023-24,2025-26,0.02,0.24,0.33,181,0.254144,17.86,0.098674,0,0.0,0.0,0.0,0
Pro League,2023-24,2025-26,0.02,0.24,0.36,184,0.25,14.86,0.080761,0,0.0,0.0,0.0,0
Pro League,2023-24,2025-26,0.02,0.24,1.0,184,0.25,14.86,0.080761,0,0.0,0.0,0.0,0
Pro League,2023-24,2025-26,0.02,0.27,0.3,107,0.242991,1.06,0.009907,0,0.0,0.0,0.0,0
Pro League,2023-24,2025-26,0.02,0.27,0.33,148,0.256757,6.19,0.041824,0,0.0,0.0,0.0,0
Pro League,2023-24,2025-26,0.02,0.27,0.36,151,0.251656,3.19,0.021126,0,0.0,0.0,0.0,0
Pro League,2023-24,2025-26,0.02,0.27,1.0,151,0.251656,3.19,0.021126,0,0.0,0.0,0.0,0
Pro League,2023-24,2025-26,0.03,0.0,0.3,126,0.222222,4.22,0.033492,0,0.0,0.0,0.0,0
Pro League,2023-24,2025-26,0.03,0.0,0.33,160,0.2375,9.42,0.058875,0,0.0,0.0,0.0,0
Pro League,2023-24,2025-26,0.03,0.0,0.36,163,0.233129,6.42,0.039387,0,0.0,0.0,0.0,0
Pro League,2023-24,2025-26,0.03,0.0,1.0,163,0.233129,6.42,0.039387,0,0.0,0.0,0.0,0
Pro League,2023-24,2025-26,0.03,0.24,0.3,118,0.237288,12.22,0.103559,0,0.0,0.0,0.0,0
Pro League,2023-24,2025-26,0.03,0.24,0.33,152,0.25,17.42,0.114605,0,0.0,0.0,0.0,0
Pro League,2023-24,2025-26,0.03,0.24,0.36,155,0.245161,14.42,0.093032,0,0.0,0.0,0.0,0
Pro League,2023-24,2025-26,0.03,0.24,1.0,155,0.245161,14.42,0.093032,0,0.0,0.0,0.0,0
Pro League,2023-24,2025-26,0.03,0.27,0.3,90,0.244444,3.6,0.04,0,0.0,0.0,0.0,0
Pro League,2023-24,2025-26,0.03,0.27,0.33,124,0.258065,8.8,0.070968,0,0.0,0.0,0.0,0
Pro League,2023-24,2025-26,0.03,0.27,0.36,127,0.251969,5.8,0.045669,0,0.0,0.0,0.0,0
Pro League,2023-24,2025-26,0.03,0.27,1.0,127,0.251969,5.8,0.045669,0,0.0,0.0,0.0,0
Pro League,2023-24,2025-26,0.04,0.0,0.3,96,0.21875,7.54,0.078542,0,0.0,0.0,0.0,0
Pro League,2023-24,2025-26,0.04,0.0,0.33,127,0.23622,12.16,0.095748,0,0.0,0.0,0.0,0
Pro League,2023-24,2025-26,0.04,0.0,0.36,128,0.234375,11.16,0.087188,0,0.0,0.0,0.0,0
Pro League,2023-24,2025-26,0.04,0.0,1.0,128,0.234375,11.16,0.087188,0,0.0,0.0,0.0,0
Pro League,2023-24,2025-26,0.04,0.24,0.3,88,0.238636,15.54,0.176591,0,0.0,0.0,0.0,0
Pro League,2023-24,2025-26,0.04,0.24,0.33,119,0.252101,20.16,0.169412,0,0.0,0.0,0.0,0
Pro League,2023-24,2025-26,0.04,0.24,0.36,120,0.25,19.16,0.159667,0,0.0,0.0,0.0,0
Pro League,2023-24,2025-26,0.04,0.24,1.0,120,0.25,19.16,0.159667,0,0.0,0.0,0.0,0
Pro League,2023-24,2025-26,0.04,0.27,0.3,67,0.223881,-0.08,-0.001194,0,0.0,0.0,0.0,0
Pro League,2023-24,2025-26,0.04,0.27,0.33,98,0.244898,4.54,0.046327,0,0.0,0.0,0.0,0
Pro League,2023-24,2025-26,0.04,0.27,0.36,99,0.242424,3.54,0.035758,0,0.0,0.0,0.0,0
Pro League,2023-24,2025-26,0.04,0.27,1.0,99,0.242424,3.54,0.035758,0,0.0,0.0,0.0,0
Pro League,2023-24,2025-26,0.05,0.0,0.3,76,0.236842,15.09,0.198553,0,0.0,0.0,0.0,0
Pro League,2023-24,2025-26,0.05,0.0,0.33,99,0.242424,16.76,0.169293,0,0.0,0.0,0.0,0
Pro League,2023-24,2025-26,0.05,0.0,0.36,100,0.24,15.76,0.1576,0,0.0,0.0,0.0,0
Pro League,2023-24,2025-26,0.05,0.0,1.0,100,0.24,15.76,0.1576,0,0.0,0.0,0.0,0
Pro League,2023-24,2025-26,0.05,0.24,0.3,68,0.264706,23.09,0.339559,0,0.0,0.0,0.0,0
Pro League,2023-24,2025-26,0.05,0.24,0.33,91,0.263736,24.76,0.272088,0,0.0,0.0,0.0,0
Pro League,2023-24,2025-26,0.05,0.24,0.36,92,0.26087,23.76,0.258261,0,0.0,0.0,0.0,0
Pro League,2023-24,2025-26,0.05,0.24,1.0,92,0.26087,23.76,0.258261,0,0.0,0.0,0.0,0
Pro League,2023-24,2025-26,0.05,0.27,0.3,52,0.25,6.86,0.131923,0,0.0,0.0,0.0,0
Pro League,2023-24,2025-26,0.05,0.27,0.33,75,0.253333,8.53,0.113733,0,0.0,0.0,0.0,0
Pro League,2023-24,2025-26,0.05,0.27,0.36,76,0.25,7.53,0.099079,0,0.0,0.0,0.0,0
Pro League,2023-24,2025-26,0.05,0.27,1.0,76,0.25,7.53,0.099079,0,0.0,0.0,0.0,0
Scottish Premiership,2023-24,2025-26,0.0,0.0,0.3,103,0.184466,-9.26,-0.089903,0,0.0,0.0,0.0,0
Scottish Premiership,2023-24,2025-26,0.0,0.0,0.33,155,0.206452,-12.8,-0.082581,0,0.0,0.0,0.0,0
Scottish Premiership,2023-24,2025-26,0.0,0.0,0.36,167,0.221557,-7.39,-0.044251,0,0.0,0.0,0.0,0
Scottish Premiership,2023-24,2025-26,0.0,0.0,1.0,169,0.218935,-9.39,-0.055562,0,0.0,0.0,0.0,0
Scottish Premiership,2023-24,2025-26,0.0,0.24,0.3,92,0.173913,-17.17,-0.18663,0,0.0,0.0,0.0,0
Scottish Premiership,2023-24,2025-26,0.0,0.24,0.33,144,0.201389,-20.71,-0.143819,0,0.0,0.0,0.0,0
Scottish Premiership,2023-24,2025-26,0.0,0.24,0.36,156,0.217949,-15.3,-0.098077,0,0.0,0.0,0.0,0
Scottish Premiership,2023-24,2025-26,0.0,0.24,1.0,158,0.21519,-17.3,-0.109494,0,0.0,0.0,0.0,0
Scottish Premiership,2023-24,2025-26,0.0,0.27,0.3,64,0.171875,-22.91,-0.357969,0,0.0,0.0,0.0,0
Scottish Premiership,2023-24,2025-26,0.0,0.27,0.33,116,0.206897,-26.45,-0.228017,0,0.0,0.0,0.0,0
Scottish Premiership,2023-24,2025-26,0.0,0.27,0.36,128,0.226562,-21.04,-0.164375,0,0.0,0.0,0.0,0
Scottish Premiership,2023-24,2025-26,0.0,0.27,1.0,130,0.223077,-23.04,-0.177231,0,0.0,0.0,0.0,0
Scottish Premiership,2023-24,2025-26,0.0,0.3,0.33,52,0.25,-3.54,-0.068077,0,0.0,0.0,0.0,0
Scottish Premiership,2023-24,2025-26,0.0,0.3,0.36,64,0.28125,1.87,0.029219,0,0.0,0.0,0.0,0
Scottish Premiership,2023-24,2025-26,0.0,0.3,1.0,66,0.272727,-0.13,-0.00197,0,0.0,0.0,0.0,0
Scottish Premiership,2023-24,2025-26,0.01,0.0,0.3,88,0.147727,-16.43,-0.186705,0,0.0,0.0,0.0,0
Scottish Premiership,2023-24,2025-26,0.01,0.0,0.33,134,0.186567,-17.24,-0.128657,0,0.0,0.0,0.0,0
Scottish Premiership,2023-24,2025-26,0.01,0.0,0.36,146,0.205479,-11.83,-0.081027,0,0.0,0.0,0.0,0
Scottish Premiership,2023-24,2025-26,0.01,0.0,1.0,148,0.202703,-13.83,-0.093446,0,0.0,0.0,0.0,0
Scottish Premiership,2023-24,2025-26,0.01,0.24,0.3,78,0.141026,-20.6,-0.264103,0,0.0,0.0,0.0,0
Scottish Premiership,2023-24,2025-26,0.01,0.24,0.33,124,0.185484,-21.41,-0.172661,0,0.0,0.0,0.0,0
Scottish Premiership,2023-24,2025-26,0.01,0.24,0.36,136,0.205882,-16.0,-0.117647,0,0.0,0.0,0.0,0
Scottish Premiership,2023-24,2025-26,0.01,0.24,1.0,138,0.202899,-18.0,-0.130435,0,0.0,0.0,0.0,0
Scottish Premiership,2023-24,2025-26,0.01,0.27,0.3,51,0.117647,-27.34,-0.536078,0,0.0,0.0,0.0,0
Scottish Premiership,2023-24,2025-26,0.01,0.27,0.33,97,0.185567,-28.15,-0.290206,0,0.0,0.0,0.0,0
Scottish Premiership,2023-24,2025-26,0.01,0.27,0.36,109,0.211009,-22.74,-0.208624,0,0.0,0.0,0.0,0
Scottish Premiership,2023-24,2025-26,0.01,0.27,1.0,111,0.207207,-24.74,-0.222883,0,0.0,0.0,0.0,0
Scottish Premiership,2023-24,2025-26,0.01,0.3,0.36,58,0.293103,4.6,0.07931,0,0.0,0.0,0.0,0
Scottish Premiership,2023-24,2025-26,0.01,0.3,1.0,60,0.283333,2.6,0.043333,0,0.0,0.0,0.0,0
Scottish Premiership,2023-24,2025-26,0.02,0.0,0.3,73,0.123288,-16.07,-0.220137,0,0.0,0.0,0.0,0
Scottish Premiership,2023-24,2025-26,0.02,0.0,0.33,112,0.151786,-22.97,-0.205089,0,0.0,0.0,0.0,0
Scottish Premiership,2023-24,2025-26,0.02,0.0,0.36,124,0.177419,-17.56,-0.141613,0,0.0,0.0,0.0,0
Scottish Premiership,2023-24,2025-26,0.02,0.0,1.0,126,0.174603,-19.56,-0.155238,0,0.0,0.0,0.0,0
Scottish Premiership,2023-24,2025-26,0.02,0.24,0.3,63,0.111111,-20.24,-0.32127,0,0.0,0.0,0.0,0
Scottish Premiership,2023-24,2025-26,0.02,0.24,0.33,102,0.147059,-27.14,-0.266078,0,0.0,0.0,0.0,0
Scottish Premiership,2023-24,2025-26,0.02,0.24,0.36,114,0.175439,-21.73,-0.190614,0,0.0,0.0,0.0,0
Scottish Premiership,2023-24,2025-26,0.02,0.24,1.0,116,0.172414,-23.73,-0.204569,0,0.0,0.0,0.0,0
Scottish Premiership,2023-24,2025-26,0.02,0.27,0.33,79,0.139241,-33.81,-0.427975,0,0.0,0.0,0.0,0
Scottish Premiership,2023-24,2025-26,0.02,0.27,0.36,91,0.175824,-28.4,-0.312088,0,0.0,0.0,0.0,0
Scottish Premiership,2023-24,2025-26,0.02,0.27,1.0,93,0.172043,-30.4,-0.326882,0,0.0,0.0,0.0,0
Scottish Premiership,2023-24,2025-26,0.02,0.3,0.36,51,0.254902,-1.49,-0.029216,0,0.0,0.0,0.0,0
Scottish Premiership,2023-24,2025-26,0.02,0.3,1.0,53,0.245283,-3.49,-0.065849,0,0.0,0.0,0.0,0
Scottish Premiership,2023-24,2025-26,0.03,0.0,0.3,66,0.090909,-21.91,-0.33197,0,0.0,0.0,0.0,0
Scottish Premiership,2023-24,2025-26,0.03,0.0,0.33,98,0.122449,-28.46,-0.290408,0,0.0,0.0,0.0,0
Scottish Premiership,2023-24,2025-26,0.03,0.0,0.36,109,0.155963,-22.05,-0.202294,0,0.0,0.0,0.0,0
Scottish Premiership,2023-24,2025-26,0.03,0.0,1.0,111,0.153153,-24.05,-0.216667,0,0.0,0.0,0.0,0
Scottish Premiership,2023-24,2025-26,0.03,0.24,0.3,58,0.086207,-23.38,-0.403103,0,0.0,0.0,0.0,0
Scottish Premiership,2023-24,2025-26,0.03,0.24,0.33,90,0.122222,-29.93,-0.332556,0,0.0,0.0,0.0,0
Scottish Premiership,2023-24,2025-26,0.03,0.24,0.36,101,0.158416,-23.52,-0.232871,0,0.0,0.0,0.0,0
Scottish Premiership,2023-24,2025-26,0.03,0.24,1.0,103,0.15534,-25.52,-0.247767,0,0.0,0.0,0.0,0
Scottish Premiership,2023-24,2025-26,0.03,0.27,0.33,70,0.114286,-35.22,-0.503143,0,0.0,0.0,0.0,0
Scottish Premiership,2023-24,2025-26,0.03,0.27,0.36,81,0.160494,-28.81,-0.355679,0,0.0,0.0,0.0,0
Scottish Premiership,2023-24,2025-26,0.03,0.27,1.0,83,0.156627,-30.81,-0.371205,0,0.0,0.0,0.0,0
Scottish Premiership,2023-24,2025-26,0.04,0.0,0.3,64,0.09375,-19.91,-0.311094,0,0.0,0.0,0.0,0
Scottish Premiership,2023-24,2025-26,0.04,0.0,0.33,89,0.123596,-23.06,-0.259101,0,0.0,0.0,0.0,0
Scottish Premiership,2023-24,2025-26,0.04,0.0,0.36,99,0.151515,-18.72,-0.189091,0,0.0,0.0,0.0,0
Scottish Premiership,2023-24,2025-26,0.04,0.0,1.0,101,0.148515,-20.72,-0.205149,0,0.0,0.0,0.0,0
Scottish Premiership,2023-24,2025-26,0.04,0.24,0.3,56,0.089286,-21.38,-0.381786,0,0.0,0.0,0.0,0
Scottish Premiership,2023-24,2025-26,0.04,0.24,0.33,81,0.123457,-24.53,-0.30284,0,0.0,0.0,0.0,0
Scottish Premiership,2023-24,2025-26,0.04,0.24,0.36,91,0.153846,-20.19,-0.221868,0,0.0,0.0,0.0,0
Scottish Premiership,2023-24,2025-26,0.04,0.24,1.0,93,0.150538,-22.19,-0.238602,0,0.0,0.0,0.0,0
Scottish Premiership,2023-24,2025-26,0.04,0.27,0.33,62,0.112903,-30.82,-0.497097,0,0.0,0.0,0.0,0
Scottish Premiership,2023-24,2025-26,0.04,0.27,0.36,72,0.152778,-26.48,-0.367778,0,0.0,0.0,0.0,0
Scottish Premiership,2023-24,2025-26,0.04,0.27,1.0,74,0.148649,-28.48,-0.384865,0,0.0,0.0,0.0,0
Scottish Premiership,2023-24,2025-26,0.05,0.0,0.3,60,0.083333,-20.16,-0.336,0,0.0,0.0,0.0,0
Scottish Premiership,2023-24,2025-26,0.05,0.0,0.33,79,0.101266,-24.58,-0.311139,0,0.0,0.0,0.0,0
Scottish Premiership,2023-24,2025-26,0.05,0.0,0.36,87,0.126437,-21.47,-0.246782,0,0.0,0.0,0.0,0
Scottish Premiership,2023-24,2025-26,0.05,0.0,1.0,89,0.123596,-23.47,-0.263708,0,0.0,0.0,0.0,0
Scottish Premiership,2023-24,2025-26,0.05,0.24,0.3,52,0.076923,-21.63,-0.415962,0,0.0,0.0,0.0,0
Scottish Premiership,2023-24,2025-26,0.05,0.24,0.33,71,0.098592,-26.05,-0.366901,0,0.0,0.0,0.0,0
Scottish Premiership,2023-24,2025-26,0.05,0.24,0.36,79,0.126582,-22.94,-0.29038,0,0.0,0.0,0.0,0
Scottish Premiership,2023-24,2025-26,0.05,0.24,1.0,81,0.123457,-24.94,-0.307901,0,0.0,0.0,0.0,0
Scottish Premiership,2023-24,2025-26,0.05,0.27,0.33,55,0.090909,-31.09,-0.565273,0,0.0,0.0,0.0,0
Scottish Premiership,2023-24,2025-26,0.05,0.27,0.36,63,0.126984,-27.98,-0.444127,0,0.0,0.0,0.0,0
Scottish Premiership,2023-24,2025-26,0.05,0.27,1.0,65,0.123077,-29.98,-0.461231,0,0.0,0.0,0.0,0
Serie A,2023-24,2025-26,0.0,0.0,0.3,145,0.262069,21.41,0.147655,87,0.252874,9.5,0.109195,1
Serie A,2023-24,2025-26,0.0,0.0,0.33,248,0.294355,48.06,0.19379,187,0.240642,-9.27,-0.049572,0
Serie A,2023-24,2025-26,0.0,0.0,0.36,274,0.288321,42.53,0.155219,216,0.24537,-12.85,-0.059491,0
Serie A,2023-24,2025-26,0.0,0.0,1.0,274,0.288321,42.53,0.155219,219,0.246575,-12.65,-0.057763,0
Serie A,2023-24,2025-26,0.0,0.24,0.3,139,0.273381,27.41,0.197194,86,0.255814,10.5,0.122093,1
Serie A,2023-24,2025-26,0.0,0.24,0.33,242,0.301653,54.06,0.223388,186,0.241935,-8.27,-0.044462,0
Serie A,2023-24,2025-26,0.0,0.24,0.36,268,0.294776,48.53,0.181082,215,0.246512,-11.85,-0.055116,0
Serie A,2023-24,2025-26,0.0,0.24,1.0,268,0.294776,48.53,0.181082,218,0.247706,-11.65,-0.05344,0
Serie A,2023-24,2025-26,0.0,0.27,0.3,111,0.288288,21.81,0.196486,68,0.294118,19.27,0.283382,1
Serie A,2023-24,2025-26,0.0,0.27,0.33,214,0.313084,48.46,0.226449,168,0.255952,0.5,0.002976,1
Serie A,2023-24,2025-26,0.0,0.27,0.36,240,0.304167,42.93,0.178875,197,0.258883,-3.08,-0.015635,0
Serie A,2023-24,2025-26,0.0,0.27,1.0,240,0.304167,42.93,0.178875,200,0.26,-2.88,-0.0144,0
Serie A,2023-24,2025-26,0.0,0.3,0.33,103,0.339806,26.65,0.258738,100,0.23,-18.77,-0.1877,0
Serie A,2023-24,2025-26,0.0,0.3,0.36,129,0.317829,21.12,0.163721,129,0.24031,-22.35,-0.173256,0
Serie A,2023-24,2025-26,0.0,0.3,1.0,129,0.317829,21.12,0.163721,132,0.242424,-22.15,-0.167803,0
Serie A,2023-24,2025-26,0.01,0.0,0.3,125,0.264,23.65,0.1892,78,0.24359,8.33,0.106795,1
Serie A,2023-24,2025-26,0.01,0.0,0.33,216,0.300926,52.92,0.245,163,0.233129,-8.37,-0.05135,0
Serie A,2023-24,2025-26,0.01,0.0,0.36,241,0.290456,45.46,0.188631,188,0.228723,-16.79,-0.089309,0
Serie A,2023-24,2025-26,0.01,0.0,1.0,241,0.290456,45.46,0.188631,191,0.230366,-16.59,-0.086859,0
Serie A,2023-24,2025-26,0.01,0.24,0.3,120,0.275,28.65,0.23875,77,0.246753,9.33,0.121169,1
Serie A,2023-24,2025-26,0.01,0.24,0.33,211,0.308057,57.92,0.274502,162,0.234568,-7.37,-0.045494,0
Serie A,2023-24,2025-26,0.01,0.24,0.36,236,0.29661,50.46,0.213814,187,0.229947,-15.79,-0.084439,0
Serie A,2023-24,2025-26,0.01,0.24,1.0,236,0.29661,50.46,0.213814,190,0.231579,-15.59,-0.082053,0
Serie A,2023-24,2025-26,0.01,0.27,0.3,95,0.294737,24.09,0.253579,60,0.283333,17.1,0.285,1
Serie A,2023-24,2025-26,0.01,0.27,0.33,186,0.322581,53.36,0.286882,145,0.248276,0.4,0.002759,1
Serie A,2023-24,2025-26,0.01,0.27,0.36,211,0.308057,45.9,0.217536,170,0.241176,-8.02,-0.047176,0
Serie A,2023-24,2025-26,0.01,0.27,1.0,211,0.308057,45.9,0.217536,173,0.242775,-7.82,-0.045202,0
Serie A,2023-24,2025-26,0.01,0.3,0.33,91,0.351648,29.27,0.321648,85,0.223529,-16.7,-0.196471,0
Serie A,2023-24,2025-26,0.01,0.3,0.36,116,0.318966,21.81,0.188017,110,0.218182,-25.12,-0.228364,0
Serie A,2023-24,2025-26,0.01,0.3,1.0,116,0.318966,21.81,0.188017,113,0.221239,-24.92,-0.220531,0
Serie A,2023-24,2025-26,0.02,0.0,0.3,111,0.243243,16.15,0.145495,70,0.271429,16.33,0.233286,1
Serie A,2023-24,2025-26,0.02,0.0,0.33,190,0.284211,41.21,0.216895,133,0.233083,-1.27,-0.009549,0
Serie A,2023-24,2025-26,0.02,0.0,0.36,212,0.278302,36.75,0.173349,154,0.227273,-8.66,-0.056234,0
Serie A,2023-24,2025-26,0.02,0.0,1.0,212,0.278302,36.75,0.173349,157,0.229299,-8.46,-0.053885,0
Serie A,2023-24,2025-26,0.02,0.24,0.3,106,0.254717,21.15,0.199528,69,0.275362,17.33,0.251159,1
Serie A,2023-24,2025-26,0.02,0.24,0.33,185,0.291892,46.21,0.249784,132,0.234848,-0.27,-0.002045,0
Serie A,2023-24,2025-26,0.02,0.24,0.36,207,0.285024,41.75,0.201691,153,0.228758,-7.66,-0.050065,0
Serie A,2023-24,2025-26,0.02,0.24,1.0,207,0.285024,41.75,0.201691,156,0.230769,-7.46,-0.047821,0
Serie A,2023-24,2025-26,0.02,0.27,0.3,83,0.26506,14.59,0.175783,53,0.320755,24.1,0.454717,1
Serie A,2023-24,2025-26,0.02,0.27,0.33,162,0.302469,39.65,0.244753,116,0.25,6.5,0.056034,1
Serie A,2023-24,2025-26,0.02,0.27,0.36,184,0.293478,35.19,0.19125,137,0.240876,-0.89,-0.006496,0
Serie A,2023-24,2025-26,0.02,0.27,1.0,184,0.293478,35.19,0.19125,140,0.242857,-0.69,-0.004929,0
Serie A,2023-24,2025-26,0.02,0.3,0.33,79,0.341772,25.06,0.317215,63,0.190476,-17.6,-0.279365,0
Serie A,2023-24,2025-26,0.02,0.3,0.36,101,0.316832,20.6,0.20396,84,0.190476,-24.99,-0.2975,0
Serie A,2023-24,2025-26,0.02,0.3,1.0,101,0.316832,20.6,0.20396,87,0.195402,-24.79,-0.284943,0
Serie A,2023-24,2025-26,0.03,0.0,0.3,88,0.215909,8.88,0.100909,60,0.283333,18.96,0.316,1
Serie A,2023-24,2025-26,0.03,0.0,0.33,151,0.264901,30.23,0.200199,116,0.224138,-1.66,-0.01431,0
Serie A,2023-24,2025-26,0.03,0.0,0.36,171,0.25731,24.64,0.144094,133,0.218045,-8.07,-0.060677,0
Serie A,2023-24,2025-26,0.03,0.0,1.0,171,0.25731,24.64,0.144094,136,0.220588,-7.87,-0.057868,0
Serie A,2023-24,2025-26,0.03,0.24,0.3,84,0.22619,12.88,0.153333,59,0.288136,19.96,0.338305,1
Serie A,2023-24,2025-26,0.03,0.24,0.33,147,0.272109,34.23,0.232857,115,0.226087,-0.66,-0.005739,0
Serie A,2023-24,2025-26,0.03,0.24,0.36,167,0.263473,28.64,0.171497,132,0.219697,-7.07,-0.053561,0
Serie A,2023-24,2025-26,0.03,0.24,1.0,167,0.263473,28.64,0.171497,135,0.222222,-6.87,-0.050889,0
Serie A,2023-24,2025-26,0.03,0.27,0.3,63,0.238095,8.29,0.131587,44,0.340909,25.73,0.584773,1
Serie A,2023-24,2025-26,0.03,0.27,0.33,126,0.285714,29.64,0.235238,100,0.24,5.11,0.0511,1
Serie A,2023-24,2025-26,0.03,0.27,0.36,146,0.273973,24.05,0.164726,117,0.230769,-1.3,-0.011111,0
Serie A,2023-24,2025-26,0.03,0.27,1.0,146,0.273973,24.05,0.164726,120,0.233333,-1.1,-0.009167,0
Serie A,2023-24,2025-26,0.03,0.3,0.33,63,0.333333,21.35,0.338889,56,0.160714,-20.62,-0.368214,0
Serie A,2023-24,2025-26,0.03,0.3,0.36,83,0.301205,15.76,0.18988,73,0.164384,-27.03,-0.370274,0
Serie A,2023-24,2025-26,0.03,0.3,1.0,83,0.301205,15.76,0.18988,76,0.171053,-26.83,-0.353026,0
Serie A,2023-24,2025-26,0.04,0.0,0.3,77,0.220779,12.36,0.160519,49,0.22449,5.03,0.102653,1
Serie A,2023-24,2025-26,0.04,0.0,0.33,129,0.248062,23.79,0.184419,98,0.193878,-12.25,-0.125,0
Serie A,2023-24,2025-26,0.04,0.0,0.36,144,0.243056,20.03,0.139097,112,0.196429,-15.66,-0.139821,0
Serie A,2023-24,2025-26,0.04,0.0,1.0,144,0.243056,20.03,0.139097,115,0.2,-15.46,-0.134435,0
Serie A,2023-24,2025-26,0.04,0.24,0.3,74,0.22973,15.36,0.207568,48,0.229167,6.03,0.125625,1
Serie A,2023-24,2025-26,0.04,0.24,0.33,126,0.253968,26.79,0.212619,97,0.195876,-11.25,-0.115979,0
Serie A,2023-24,2025-26,0.04,0.24,0.36,141,0.248227,23.03,0.163333,111,0.198198,-14.66,-0.132072,0
Serie A,2023-24,2025-26,0.04,0.24,1.0,141,0.248227,23.03,0.163333,114,0.201754,-14.46,-0.126842,0
Serie A,2023-24,2025-26,0.04,0.27,0.3,54,0.240741,9.77,0.180926,37,0.297297,17.03,0.46027,1
Serie A,2023-24,2025-26,0.04,0.27,0.33,106,0.264151,21.2,0.2,86,0.22093,-0.25,-0.002907,0
Serie A,2023-24,2025-26,0.04,0.27,0.36,121,0.256198,17.44,0.144132,100,0.22,-3.66,-0.0366,0
Serie A,2023-24,2025-26,0.04,0.27,1.0,121,0.256198,17.44,0.144132,103,0.223301,-3.46,-0.033592,0
Serie A,2023-24,2025-26,0.04,0.3,0.33,52,0.288462,11.43,0.219808,49,0.163265,-17.28,-0.352653,0
Serie A,2023-24,2025-26,0.04,0.3,0.36,67,0.268657,7.67,0.114478,63,0.174603,-20.69,-0.328413,0
Serie A,2023-24,2025-26,0.04,0.3,1.0,67,0.268657,7.67,0.114478,66,0.181818,-20.49,-0.310455,0
Serie A,2023-24,2025-26,0.05,0.0,0.3,61,0.163934,-0.63,-0.010328,45,0.222222,4.88,0.108444,0
Serie A,2023-24,2025-26,0.05,0.0,0.33,101,0.19802,5.05,0.05,83,0.192771,-8.63,-0.103976,0
Serie A,2023-24,2025-26,0.05,0.0,0.36,111,0.207207,6.29,0.056667,95,0.189474,-13.35,-0.140526,0
Serie A,2023-24,2025-26,0.05,0.0,1.0,111,0.207207,6.29,0.056667,98,0.193878,-13.15,-0.134184,0
Serie A,2023-24,2025-26,0.05,0.24,0.3,58,0.172414,2.37,0.040862,44,0.227273,5.88,0.133636,1
Serie A,2023-24,2025-26,0.05,0.24,0.33,98,0.204082,8.05,0.082143,82,0.195122,-7.63,-0.093049,0
Serie A,2023-24,2025-26,0.05,0.24,0.36,108,0.212963,9.29,0.086019,94,0.191489,-12.35,-0.131383,0
Serie A,2023-24,2025-26,0.05,0.24,1.0,108,0.212963,9.29,0.086019,97,0.195876,-12.15,-0.125258,0
Serie A,2023-24,2025-26,0.05,0.27,0.33,84,0.214286,5.53,0.065833,72,0.222222,2.37,0.032917,1
Serie A,2023-24,2025-26,0.05,0.27,0.36,94,0.223404,6.77,0.072021,84,0.214286,-2.35,-0.027976,0
Serie A,2023-24,2025-26,0.05,0.27,1.0,94,0.223404,6.77,0.072021,87,0.218391,-2.15,-0.024713,0
Serie A,2023-24,2025-26,0.05,0.3,0.36,50,0.26,6.92,0.1384,50,0.16,-18.23,-0.3646,0
Serie A,2023-24,2025-26,0.05,0.3,1.0,50,0.26,6.92,0.1384,53,0.169811,-18.03,-0.340189,0
